Item Id,Dublin Core:Subject,Dublin Core:Creator,Dublin Core:Identifier
95677,Messrs. Blackwood,William Pitman Jones,2:374
95676,Joseph Munt Langford,William Blackwood,3:283
95675,John Blackwood,William Blackwood,6:135
95674,John Blackwood,William Blackwood,3:80
95673,John Blackwood,William Blackwood,3:89
95672,John Blackwood,William Blackwood,3:188
95671,John Blackwood,William Blackwood,3:85
95670,John Blackwood,William Blackwood,3:220
95669,John Blackwood,William Blackwood,3:172
95668,George Henry Lewes,William Blackwood,4:441
95667,George Henry Lewes,William Blackwood,3:31
95666,George Henry Lewes,William Blackwood,8:223
95665,George Henry Lewes,William Blackwood,6:256
95664,George Henry Lewes,William Blackwood,8:210
95663,George Henry Lewes,William Blackwood,5:190
95662,George Henry Lewes,William Blackwood,3:325
95661,George Henry Lewes,William Blackwood,8:227
95660,George Henry Lewes,William Blackwood,7:25
95659,George Henry Lewes,William Blackwood,8:225
95658,George Henry Lewes,William Blackwood,7:41
95657,George Eliot,William Blackwood,7:208
95656,George Eliot,William Blackwood,7:51
95655,George Eliot,William Blackwood,7:270
95654,George Eliot,William Blackwood,3:65
95653,George Eliot,William Blackwood,7:219
95652,George Eliot,William Blackwood,7:152
95651,George Eliot,William Blackwood,7:255
95650,George Eliot,William Blackwood,7:225
95649,George Eliot,William Blackwood,3:296
95648,George Eliot,William Blackwood,7:150
95647,George Eliot,William Blackwood,6:80
95646,George Eliot,William Blackwood,7:42
95645,George Eliot,William Blackwood,7:147
95644,George Eliot,William Blackwood,6:273
95643,George Eliot,William Blackwood,7:251
95642,George Eliot,William Blackwood,7:313
95641,George Eliot,William Blackwood,7:57
95640,George Eliot,William Blackwood,7:243
95639,George Eliot,William Blackwood,7:163
95638,George Eliot,William Blackwood,3:260
95637,George Eliot,William Blackwood,9:317
95636,George Eliot,William Blackwood,7:236
95635,the Edi,William Blackwood and Sons,3:74
95634,George Henry Lewes,William Blackwood and Sons,4:243
95633,George Henry Lewes,William Blackwood and Sons,6:309
95632,George Eliot,William Blackwood and Sons,7:204
95631,J. H. Langford,William Blackwood,8:231
95630,Isaac Pearson Evans,Vincent Holbeche,2:354
95629,George Eliot,Vincent Holbeche,2:346
95628,Mr. Charles and Mrs. Caroline Bray,George Eliot,1:289 - 338
95627,"F,M",Thornton Arnott Lewes,8:266
95626,Thornton Arnott Lewes,Thornton Arnott Lewes,8:280
95625,M,Thornton Arnott Lewes,8:431
95624,M,Thornton Arnott Lewes,8:343
95623,n Arnott Lewes,Thornton Arnott Lewes,8:366
95622,Thornton Arnott Lewes,Thornton Arnott Lewes,8:351
95621,n Arnott Lewes,Thornton Arnott Lewes,8:375
95620,M,Thornton Arnott Lewes,8:170
95619,M,Thornton Arnott Lewes,8:259
95618,M,Thornton Arnott Lewes,8:178
95617,M,Thornton Arnott Lewes,8:270
95616,M,Thornton Arnott Lewes,8:166
95615,M,Thornton Arnott Lewes,8:294
95614,M,Thornton Arnott Lewes,8:390
95613,n Arnott Lewes,Thornton Arnott Lewes,8:323
95612,n Arnott Lewes,Thornton Arnott Lewes,8:321
95611,F,Thornton Arnott Lewes,8:242
95610,F,Thornton Arnott Lewes,8:284
95609,William Bell Scott,Thomas Woolner,2:175
95608,Isaac Evans,Thomas V. Holbeche,9:307
95607,George Eliot,Thomas Clifford Allbutt,7:96
95606,George Henry Lewes,Thomas Carlyle,8:141
95605,George Henry Lewes,Thomas Carlyle,8:145
95604,John Blackwood,Theodore Martin,3:42
95603,U,George Eliot,4:132
95602,M,Sir Edward Bulwer Lytton,8:378
95601,M,Sir Edward Bulwer Lytton,8:261
95600,M,Sir Edward Bulwer Lytton,8:313
95599,Mrs. James Hennell,SARA SOPHIA HENNELL,1:171 - 219
95598,Elizabeth Rebecca 'Rufa' [Mrs. Charles Christian] Hennell,SARA SOPHIA HENNELL,1:171 - 219
95597,Elizabeth Rebecca 'Rufa' [Mrs. Charles Christian] Hennell,SARA SOPHIA HENNELL,1:171 - 219
95596,George Eliot,Sara Sophia Hennell,3:95
95595,George Eliot,Sara Sophia Hennell,2:186
95594,George Eliot,Sara Sophia Hennell,7:280
95593,George Eliot,Robert Williams Buchanan,7:89
95592,M,Robert Lytton,9:53
95591,M,Robert Lytton,9:46
95590,M,Robert Lytton,8:362
95589,M,Robert Lytton,8:377
95588,M,Robert Lytton,9:57
95587,F,Robert Lytton,8:299
95586,Robert Evans's Journal,Robert Evans,1:89 - 168
95585,George Eliot,Robert Browning,7:86
95584,George Eliot,Robert Browning,4:96
95583,Richard Monckton Milnes,Richard Monckton Milnes,8:304
95582,George Eliot,Ralph Waldo Emerson,9:113
95581,U,U,8:29
95580,U,John Walter Cross,7:139
95579,George Eliot,Jane [Mrs. Thomas] Carlyle,3:17
95578,George Eliot,Jane [Mrs. Thomas] Carlyle,2:425
95577,George Eliot,Mrs. Robert Evans,8:316
95576,Her Husband,Mrs. Richmond Ritchie,7:284
95575,George Eliot,Mrs. John H. Sanderson,9:161
95574,George Combe,Susanna [Mrs. John] Chapman,8:52
95573,George Eliot,Mrs. Isaac Pearson Evans,9:247
95572,George Henry Lewes,Mrs. Herbert Arthur Lewes,9:240
95571,George Henry Lewes,Mrs. Herbert Arthur Lewes,9:163
95570,George Henry Lewes,Mrs. Herbert Arthur Lewes,9:180
95569,George Eliot,Mrs. Herbert Arthur Lewes,9:179
95568,Her Husband,Mrs. Frederick Lehmann,4:336
95567,Her Husband,Mrs. Frederick Lehmann,4:335
95566,George Eliot,Elizabeth Gaskell,3:197
95565,George Eliot,Elizabeth Gaskell,3:74
95564,Isaac Evans,Christiana [Mrs. Edward] Clarke,8:221
95563,George Eliot,Georgiana [Mrs. Edward] Burne-Jones,8:482
95562,George Eliot,Georgiana [Mrs. Edward] Burne-Jones,7:272
95561,George Eliot,Georgiana [Mrs. Edward] Burne-Jones,9:101
95560,George Eliot,Georgiana [Mrs. Edward] Burne-Jones,7:299
95559,John Blackwood,Elizabeth C. Gaskell,8:224
95558,"Ge, Cambridge",Mrs. Charles Sanders Peirce,8:461
95557,Sara Sophia Hennell,Caroline [Mrs. Charles] Bray,1:171 - 219
95556,Sara Sophia Hennell,Caroline [Mrs. Charles] Bray,1:223 - 285
95555,Sara Sophia Hennell,Caroline [Mrs. Charles] Bray,1:171 - 219
95554,Sara Sophia Hennell,Caroline [Mrs. Charles] Bray,1:223 - 285
95553,Sara Sophia Hennell,Caroline [Mrs. Charles] Bray,1:171 - 219
95552,Sara Sophia Hennell,Caroline [Mrs. Charles] Bray,1:89 - 168
95551,Sara Sophia Hennell,Caroline [Mrs. Charles] Bray,1:171 - 219
95550,Mrs. George Combe,Caroline [Mrs. Charles] Bray,8:119
95549,Rufa [Mrs. Charles Christian] Hennell,Caroline [Mrs. Charles] Bray,1:171 - 219
95548,Mary Hennell,Caroline [Mrs. Charles] Bray,1:89 - 168
95547,George Eliot,Caroline [Mrs. Charles] Bray,7:299
95546,George Eliot,Caroline [Mrs. Charles] Bray,5:395
95545,George Eliot,Caroline [Mrs. Charles] Bray,5:394
95544,George Eliot,Caroline [Mrs. Charles] Bray,7:275
95543,George Eliot,Caroline [Mrs. Charles] Bray,8:248
95542,Ottilie Von Goethe,Anna Jameson,2:231
95541,George Eliot,Barbara [Mme Eugene] Bodichon,3:107
95540,George Eliot,Barbara [Mme Eugene] Bodichon,7:272
95539,George Eliot,Barbara [Mme Eugene] Bodichon,9:33
95538,George Eliot,Barbara [Mme Eugene] Bodichon,3:56
95537,George Eliot,Barbara [Mme Eugene] Bodichon,3:102
95536,George Eliot,Barbara [Mme Eugene] Bodichon,8:231
95535,George Eliot,Matilda Betham Edwards,9:55
95534,George Eliot,Mark Pattison,9:257
95533,M,Lord Lytton,9:122
95532,M,Lord Lytton,9:144
95531,M,Lord Lytton,9:83
95530,M,Lord Lytton,9:126
95529,M,Lord Lytton,9:128
95528,M,Lord Lytton,9:148
95527,F,Lord Lytton,9:295
95526,F,Lord Houghton,9:308
95525,F,Lord Acton,9:225
95524,George Eliot,Leslie Stephen,6:140
95523,U,Lady Holland's Note on Ge,9:197
95522,Bessie Rayner Parkes,Joseph Parkes,2:163
95521,William Blackwood,Joseph Munt Langford,4:274
95520,John Blackwood,Joseph Munt Langford,5:207
95519,John Blackwood,Joseph Munt Langford,5:350
95518,John Blackwood,Joseph Munt Langford,5:203
95517,John Blackwood,Joseph Munt Langford,5:223
95516,John Blackwood,Joseph Munt Langford,2:298
95515,John Blackwood,Joseph Munt Langford,5:187
95514,John Blackwood,Joseph Munt Langford,5:186
95513,John Blackwood,Joseph Munt Langford,5:254
95512,John Blackwood,Joseph Munt Langford,3:207
95511,Mrs. Elma Stuart,John Walter Cross,7:275
95510,Mrs. Elma Stuart,John Walter Cross,7:350
95509,Mrs. Edward Burne-Jones,John Walter Cross,7:350
95508,Mme Bodichon,John Walter Cross,9:326
95507,Mme Bodichon,John Walter Cross,9:325
95506,Mary F. Cross,John W. Cross,9:310
95505,Isaac P. Evans,John Walter Cross,9:321
95504,George Eliot,John Morley,9:249
95503,George Henry Lewes,John H. Sanderson,9:158
95502,the Edi,John Gwyther,3:83
95501,Mrs. John Fiske,John Fiske,5:463
95500,John Chapman's Diary excerpts regarding George Eliot,John Chapman's Diary,1:341 - 378
95499,Robert Chambers,John Chapman,8:125
95498,George Combe,John Chapman,8:108
95497,George Combe,John Chapman,8:80
95496,George Combe,John Chapman,8:38
95495,George Combe,John Chapman,8:121
95494,George Combe,John Chapman,8:79
95493,George Combe,John Chapman,8:102
95492,George Combe,John Chapman,8:98
95491,George Combe,John Chapman,8:31
95490,George Combe,John Chapman,8:96
95489,George Combe,John Chapman,8:57
95488,George Combe,John Chapman,8:118
95487,George Combe,John Chapman,8:95
95486,George Combe,John Chapman,8:109
95485,George Combe,John Chapman,8:107
95484,George Combe,John Chapman,8:99
95483,George Eliot,John Chapman,8:257
95482,George Eliot,John Chapman,8:163
95481,Wm. Blackwood,John Blackwood,9:156
95480,Wm. Blackwood,John Blackwood,9:149
95479,William Blackwood,John Blackwood,6:279
95478,William Blackwood,John Blackwood,5:211
95477,William Blackwood,John Blackwood,6:405
95476,William Blackwood,John Blackwood,6:293
95475,William Blackwood,John Blackwood,5:205
95474,William Blackwood,John Blackwood,3:232
95473,William Blackwood,John Blackwood,6:261
95472,William Blackwood,John Blackwood,6:390
95471,William Blackwood,John Blackwood,3:93
95470,William Blackwood,John Blackwood,3:92
95469,William Blackwood,John Blackwood,5:99
95468,William Blackwood,John Blackwood,3:474
95467,William Blackwood,John Blackwood,6:50
95466,William Blackwood,John Blackwood,6:253
95465,William Blackwood,John Blackwood,4:44
95464,William Blackwood,John Blackwood,3:235
95463,William Blackwood,John Blackwood,7:121
95462,William Blackwood,John Blackwood,3:192
95461,William Blackwood,John Blackwood,3:233
95460,Mrs. John Blackwood,John Blackwood,6:143
95459,Mrs. John Blackwood,John Blackwood,2:436
95458,Mrs. John Blackwood,John Blackwood,3:427
95457,Joseph Munt Langford,John Blackwood,4:38
95456,Joseph Munt Langford,John Blackwood,4:246
95455,Joseph Munt Langford,John Blackwood,7:82
95454,Joseph Munt Langford,John Blackwood,3:7
95453,Joseph Munt Langford,John Blackwood,7:85
95452,Joseph Munt Langford,John Blackwood,3:206
95451,Joseph Munt Langford,John Blackwood,3:343
95450,Joseph Munt Langford,John Blackwood,7:85
95449,James R. Quirk,John Blackwood,3:80
95448,George Henry Lewes,John Blackwood,2:374
95447,George Henry Lewes,John Blackwood,5:199
95446,George Henry Lewes,John Blackwood,5:420
95445,George Henry Lewes,John Blackwood,5:182
95444,George Henry Lewes,John Blackwood,4:449
95443,George Henry Lewes,John Blackwood,4:255
95442,George Henry Lewes,John Blackwood,3:461
95441,George Henry Lewes,John Blackwood,6:180
95440,George Henry Lewes,John Blackwood,6:300
95439,George Henry Lewes,John Blackwood,6:412
95438,George Henry Lewes,John Blackwood,4:289
95437,George Henry Lewes,John Blackwood,4:456
95436,George Henry Lewes,John Blackwood,5:189
95435,George Henry Lewes,John Blackwood,2:334
95434,George Henry Lewes,John Blackwood,5:416
95433,George Henry Lewes,John Blackwood,5:410
95432,George Henry Lewes,John Blackwood,5:410
95431,George Henry Lewes,John Blackwood,2:456
95430,George Henry Lewes,John Blackwood,6:262
95429,George Henry Lewes,John Blackwood,5:298
95428,George Henry Lewes,John Blackwood,5:80
95427,George Henry Lewes,John Blackwood,4:137
95426,George Henry Lewes,John Blackwood,4:47
95425,George Henry Lewes,John Blackwood,8:185
95424,George Henry Lewes,John Blackwood,8:211
95423,George Henry Lewes,John Blackwood,5:363
95422,George Henry Lewes,John Blackwood,5:364
95421,George Henry Lewes,John Blackwood,8:230
95420,George Henry Lewes,John Blackwood,8:181
95419,George Henry Lewes,John Blackwood,3:8
95418,George Henry Lewes,John Blackwood,2:371
95417,George Henry Lewes,John Blackwood,6:360
95416,George Henry Lewes,John Blackwood,2:513
95415,George Henry Lewes,John Blackwood,8:228
95414,George Henry Lewes,John Blackwood,8:203
95413,George Henry Lewes,John Blackwood,2:323
95412,George Henry Lewes,John Blackwood,8:212
95411,George Henry Lewes,John Blackwood,5:245
95410,George Henry Lewes,John Blackwood,8:193
95409,George Henry Lewes,John Blackwood,6:225
95408,George Henry Lewes,John Blackwood,2:394
95407,George Henry Lewes,John Blackwood,8:183
95406,George Henry Lewes,John Blackwood,6:203
95405,George Henry Lewes,John Blackwood,2:321
95404,George Henry Lewes,John Blackwood,3:57
95403,George Henry Lewes,John Blackwood,8:214
95402,George Henry Lewes,John Blackwood,5:20
95401,George Henry Lewes,John Blackwood,6:312
95400,George Henry Lewes,John Blackwood,8:199
95399,George Henry Lewes,John Blackwood,4:325
95398,George Henry Lewes,John Blackwood,6:41
95397,George Henry Lewes,John Blackwood,4:242
95396,George Henry Lewes,John Blackwood,3:289
95395,George Henry Lewes,John Blackwood,3:251
95394,George Henry Lewes,John Blackwood,2:299
95393,George Henry Lewes,John Blackwood,7:79
95392,George Henry Lewes,John Blackwood,5:330
95391,George Henry Lewes,John Blackwood,2:328
95390,George Henry Lewes,John Blackwood,4:417
95389,George Henry Lewes,John Blackwood,6:307
95388,George Henry Lewes,John Blackwood,5:248
95387,George Henry Lewes,John Blackwood,6:434
95386,George Henry Lewes,John Blackwood,5:347
95385,George Henry Lewes,John Blackwood,4:400
95384,George Henry Lewes,John Blackwood,6:215
95383,George Henry Lewes,John Blackwood,4:240
95382,George Henry Lewes,John Blackwood,6:227
95381,George Henry Lewes,John Blackwood,5:263
95380,George Henry Lewes,John Blackwood,2:446
95379,George Henry Lewes,John Blackwood,6:298
95378,George Henry Lewes,John Blackwood,6:349
95377,George Henry Lewes,John Blackwood,4:451
95376,George Henry Lewes,John Blackwood,2:275
95375,George Henry Lewes,John Blackwood,7:7
95374,George Henry Lewes,John Blackwood,3:51
95373,George Henry Lewes,John Blackwood,4:22
95372,George Henry Lewes,John Blackwood,6:9
95371,George Henry Lewes,John Blackwood,5:369
95370,George Henry Lewes,John Blackwood,6:332
95369,George Henry Lewes,John Blackwood,3:463
95368,George Henry Lewes,John Blackwood,8:213
95367,George Henry Lewes,John Blackwood,8:194
95366,George Henry Lewes,John Blackwood,8:249
95365,George Henry Lewes,John Blackwood,6:213
95364,George Henry Lewes,John Blackwood,5:400
95363,George Henry Lewes,John Blackwood,5:386
95362,George Henry Lewes,John Blackwood,2:296
95361,George Henry Lewes,John Blackwood,2:272
95360,George Henry Lewes,John Blackwood,6:328
95359,George Henry Lewes,John Blackwood,3:47
95358,George Henry Lewes,John Blackwood,5:200
95357,George Henry Lewes,John Blackwood,6:249
95356,George Henry Lewes,John Blackwood,8:197
95355,George Henry Lewes,John Blackwood,2:308
95354,George Henry Lewes,John Blackwood,6:114
95353,George Henry Lewes,John Blackwood,4:112
95352,George Henry Lewes,John Blackwood,6:237
95351,George Henry Lewes,John Blackwood,3:28
95350,George Henry Lewes,John Blackwood,8:188
95349,George Henry Lewes,John Blackwood,3:143
95348,George Eliot,John Blackwood,2:373
95347,George Eliot,John Blackwood,3:236
95346,George Eliot,John Blackwood,5:307
95345,George Eliot,John Blackwood,7:191
95344,George Eliot,John Blackwood,6:281
95343,George Eliot,John Blackwood,5:306
95342,George Eliot,John Blackwood,7:197
95341,George Eliot,John Blackwood,6:305
95340,George Eliot,John Blackwood,2:483
95339,George Eliot,John Blackwood,6:73
95338,George Eliot,John Blackwood,7:48
95337,George Eliot,John Blackwood,5:451
95336,George Eliot,John Blackwood,7:68
95335,George Eliot,John Blackwood,5:293
95334,George Eliot,John Blackwood,5:430
95333,George Eliot,John Blackwood,4:460
95332,George Eliot,John Blackwood,5:206
95331,George Eliot,John Blackwood,3:453
95330,George Eliot,John Blackwood,4:445
95329,George Eliot,John Blackwood,5:167
95328,George Eliot,John Blackwood,7:203
95327,George Eliot,John Blackwood,4:292
95326,George Eliot,John Blackwood,6:177
95325,George Eliot,John Blackwood,4:442
95324,George Eliot,John Blackwood,7:181
95323,George Eliot,John Blackwood,6:294
95322,George Eliot,John Blackwood,6:271
95321,George Eliot,John Blackwood,4:307
95320,George Eliot,John Blackwood,6:182
95319,George Eliot,John Blackwood,3:73
95318,George Eliot,John Blackwood,2:344
95317,George Eliot,John Blackwood,2:462
95316,George Eliot,John Blackwood,3:77
95315,George Eliot,John Blackwood,3:104
95314,George Eliot,John Blackwood,3:101
95313,George Eliot,John Blackwood,4:279
95312,George Eliot,John Blackwood,6:144
95311,George Eliot,John Blackwood,3:297
95310,George Eliot,John Blackwood,6:143
95309,George Eliot,John Blackwood,3:88
95308,George Eliot,John Blackwood,5:148
95307,George Eliot,John Blackwood,4:275
95306,George Eliot,John Blackwood,3:305
95305,George Eliot,John Blackwood,2:352
95304,George Eliot,John Blackwood,3:235
95303,George Eliot,John Blackwood,3:234
95302,George Eliot,John Blackwood,3:82
95301,George Eliot,John Blackwood,3:81
95300,George Eliot,John Blackwood,4:257
95299,George Eliot,John Blackwood,6:27
95298,George Eliot,John Blackwood,3:259
95297,George Eliot,John Blackwood,2:507
95296,George Eliot,John Blackwood,3:112
95295,George Eliot,John Blackwood,6:339
95294,George Eliot,John Blackwood,7:129
95293,George Eliot,John Blackwood,4:357
95292,George Eliot,John Blackwood,4:393
95291,George Eliot,John Blackwood,3:272
95290,George Eliot,John Blackwood,3:29
95289,George Eliot,John Blackwood,2:359
95288,George Eliot,John Blackwood,2:417
95287,George Eliot,John Blackwood,7:114
95286,George Eliot,John Blackwood,6:231
95285,George Eliot,John Blackwood,3:244
95284,George Eliot,John Blackwood,4:402
95283,George Eliot,John Blackwood,3:42
95282,George Eliot,John Blackwood,2:399
95281,George Eliot,John Blackwood,7:112
95280,George Eliot,John Blackwood,3:386
95279,George Eliot,John Blackwood,6:432
95278,George Eliot,John Blackwood,3:314
95277,George Eliot,John Blackwood,2:444
95276,George Eliot,John Blackwood,5:352
95275,George Eliot,John Blackwood,5:230
95274,George Eliot,John Blackwood,3:340
95273,George Eliot,John Blackwood,6:195
95272,George Eliot,John Blackwood,3:39
95271,George Eliot,John Blackwood,2:359
95270,George Eliot,John Blackwood,2:290
95269,George Eliot,John Blackwood,6:101
95268,George Eliot,John Blackwood,6:366
95267,George Eliot,John Blackwood,4:435
95266,George Eliot,John Blackwood,4:250
95265,George Eliot,John Blackwood,2:492
95264,George Eliot,John Blackwood,3:256
95263,George Eliot,John Blackwood,4:401
95262,George Eliot,John Blackwood,3:5
95261,George Eliot,John Blackwood,4:497
95260,George Eliot,John Blackwood,4:327
95259,George Eliot,John Blackwood,3:367
95258,George Eliot,John Blackwood,2:283
95257,George Eliot,John Blackwood,5:269
95256,George Eliot,John Blackwood,4:433
95255,George Eliot,John Blackwood,2:393
95254,George Eliot,John Blackwood,3:216
95253,George Eliot,John Blackwood,4:411
95252,George Eliot,John Blackwood,5:406
95251,George Eliot,John Blackwood,3:190
95250,George Eliot,John Blackwood,6:357
95249,George Eliot,John Blackwood,7:97
95248,George Eliot,John Blackwood,3:253
95247,George Eliot,John Blackwood,3:383
95246,George Eliot,John Blackwood,3:265
95245,George Eliot,John Blackwood,2:302
95244,George Eliot,John Blackwood,3:57
95243,George Eliot,John Blackwood,7:171
95242,George Eliot,John Blackwood,5:240
95241,George Eliot,John Blackwood,5:379
95240,George Eliot,John Blackwood,4:244
95239,George Eliot,John Blackwood,5:251
95238,George Eliot,John Blackwood,2:509
95237,George Eliot,John Blackwood,7:142
95236,George Eliot,John Blackwood,7:81
95235,George Eliot,John Blackwood,7:120
95234,George Eliot,John Blackwood,7:107
95233,George Eliot,John Blackwood,6:221
95232,George Eliot,John Blackwood,2:499
95231,George Eliot,John Blackwood,3:20
95230,George Eliot,John Blackwood,3:277
95229,George Eliot,John Blackwood,7:140
95228,George Eliot,John Blackwood,7:139
95227,George Eliot,John Blackwood,6:136
95226,George Eliot,John Blackwood,4:431
95225,George Eliot,John Blackwood,4:242
95224,George Eliot,John Blackwood,4:61
95223,George Eliot,John Blackwood,6:421
95222,George Eliot,John Blackwood,7:118
95221,George Eliot,John Blackwood,4:320
95220,George Eliot,John Blackwood,4:479
95219,George Eliot,John Blackwood,4:63
95218,George Eliot,John Blackwood,4:35
95217,George Eliot,John Blackwood,4:353
95216,George Eliot,John Blackwood,4:352
95215,George Eliot,John Blackwood,3:276
95214,George Eliot,John Blackwood,3:263
95213,George Eliot,John Blackwood,4:435
95212,George Eliot,John Blackwood,3:239
95211,George Eliot,John Blackwood,6:297
95210,George Eliot,John Blackwood,6:91
95209,George Eliot,John Blackwood,5:461
95208,George Eliot,John Blackwood,3:379
95207,George Eliot,John Blackwood,3:67
95206,George Eliot,John Blackwood,3:251
95205,George Eliot,John Blackwood,6:19
95204,George Eliot,John Blackwood,5:15
95203,George Eliot,John Blackwood,5:438
95202,George Eliot,John Blackwood,6:185
95201,George Eliot,John Blackwood,5:235
95200,George Eliot,John Blackwood,4:73
95199,George Eliot,John Blackwood,6:239
95198,George Eliot,John Blackwood,6:231
95197,George Eliot,John Blackwood,3:33
95196,George Eliot,John Blackwood,2:297
95195,George Eliot,John Blackwood,7:136
95194,George Eliot,John Blackwood,3:50
95193,George Eliot,John Blackwood,2:386
95192,George Eliot,John Blackwood,2:496
95191,George Eliot,John Blackwood,4:372
95190,George Eliot,John Blackwood,4:372
95189,George Eliot,John Blackwood,3:182
95188,George Eliot,John Blackwood,4:398
95187,George Eliot,John Blackwood,7:94
95186,George Eliot,John Blackwood,6:197
95185,George Eliot,John Blackwood,4:494
95184,George Eliot,John Blackwood,2:413
95183,George Eliot,John Blackwood,7:135
95182,George Eliot,John Blackwood,5:255
95181,George Eliot,John Blackwood,4:318
95180,George Eliot,John Blackwood,6:315
95179,George Eliot,John Blackwood,3:458
95178,George Eliot,John Blackwood,5:456
95177,George Eliot,John Blackwood,3:248
95176,George Eliot,John Blackwood,3:11
95175,George Eliot,John Blackwood,4:406
95174,George Eliot,John Blackwood,3:370
95173,George Eliot,John Blackwood,2:433
95172,George Eliot,John Blackwood,2:293
95171,George Eliot,John Blackwood,3:355
95170,George Eliot,John Blackwood,6:43
95169,George Eliot,John Blackwood,7:125
95168,George Eliot,John Blackwood,6:36
95167,George Eliot,John Blackwood,4:427
95166,George Eliot,John Blackwood,3:395
95165,George Eliot,John Blackwood,3:350
95164,George Eliot,John Blackwood,3:121
95163,George Eliot,John Blackwood,3:160
95162,George Eliot,John Blackwood,3:131
95161,George Eliot,John Blackwood,3:222
95160,Charles Lee Lewes,John Blackwood,7:88
95159,Charles Lee Lewes,John Blackwood,9:255
95158,Alexander Main,John Blackwood,5:460
95157,George Henry Lewes,John Blackwood and William Blackwood,6:410
95156,George Eliot,James Thomson,6:61
95155,George Eliot,James Thomson,6:60
95154,George Eliot,James Anthony Froude,2:481
95153,George Eliot,James A. H. Murray,9:279
95152,Mrs. R. Strachey,John Walter Cross,9:325
95151,Mrs. R. Strachey,John Walter Cross,9:322
95150,George Combe,J. M. Moir for John Chapman,8:109
95149,George Eliot,J. H. Bridges,8:243
95148,George Henry Lewes,Ivan Turgenev,9:239
95147,George Eliot,Ivan Turgenev,9:247
95146,George Eliot,Ivan Turgenev,9:117
95145,George Eliot,Isaac Pearson Evans,7:280
95144,Edward Clarke,Isaac Evans,9:207
95143,Fanny [Mrs. Henry] Houghton,George Eliot,8:17
95142,George Henry Lewes,Herbert Spencer,9:63
95141,George Eliot,Herbert Spencer,7:87
95140,George Eliot,Herbert Spencer,8:245
95139,GHL and GE,Herbert Arthur Lewes,8:252
95138,George Henry Lewes,Herbert Arthur Lewes,9:15
95137,George Henry Lewes,Herbert Arthur Lewes,9:18
95136,George Henry Lewes,Herbert Arthur Lewes,9:106
95135,George Henry Lewes,Herbert Arthur Lewes,9:34
95134,George Henry Lewes,Herbert Arthur Lewes,9:101
95133,George Henry Lewes,Herbert Arthur Lewes,9:157
95132,George Henry Lewes,Herbert Arthur Lewes,9:154
95131,George Henry Lewes,Herbert Arthur Lewes,9:149
95130,George Henry Lewes,Herbert Arthur Lewes,9:133
95129,George Henry Lewes,Herbert Arthur Lewes,9:137
95128,George Eliot,Herbert Arthur Lewes,8:491
95127,the Edi,Henry Smith Anders,3:48
95126,John W. Cross,Henry James,9:309
95125,George Henry Lewes,Henry George Bohn,8:156
95124,George Henry Lewes,Henry George Bohn,8:156
95123,George Henry Lewes,Henry George Bohn,8:160
95122,George Henry Lewes,Henry George Bohn,8:158
95121,George Eliot,Guy Rodgers,5:338
95120,William S. Emden,George Henry Lewes,8:180
95119,William R. Shedden-Rals,George Henry Lewes,9:95
95118,William Kingdon Clifford,George Henry Lewes,6:102
95117,William Hale White,George Henry Lewes,6:278
95116,William Hale White,George Henry Lewes,6:248
95115,William Blackwood,George Henry Lewes,7:52
95114,William Blackwood,George Henry Lewes,7:44
95113,William Blackwood,George Henry Lewes,7:43
95112,William Blackwood,George Henry Lewes,3:152
95111,William Blackwood,George Henry Lewes,3:30
95110,William Blackwood,George Henry Lewes,3:77
95109,William Blackwood,George Henry Lewes,8:237
95108,William Blackwood,George Henry Lewes,3:106
95107,William Blackwood,George Henry Lewes,3:213
95106,William Blackwood,George Henry Lewes,3:279
95105,William Blackwood,George Henry Lewes,8:268
95104,William Blackwood,George Henry Lewes,3:87
95103,William Blackwood,George Henry Lewes,3:275
95102,William Blackwood,George Henry Lewes,3:36
95101,William Blackwood,George Henry Lewes,3:273
95100,William Blackwood,George Henry Lewes,8:226
95099,William Blackwood,George Henry Lewes,2:477
95098,William Blackwood,George Henry Lewes,2:491
95097,William Blackwood,George Henry Lewes,2:485
95096,William Blackwood,George Henry Lewes,5:286
95095,William Blackwood,George Henry Lewes,5:277
95094,William Blackwood,George Henry Lewes,5:302
95093,William Blackwood,George Henry Lewes,5:303
95092,William Blackwood,George Henry Lewes,7:26
95091,William Blackwood,George Henry Lewes,5:182
95090,William Blackwood,George Henry Lewes,5:219
95089,William Blackwood,George Henry Lewes,6:261
95088,William Blackwood,George Henry Lewes,5:224
95087,William Blackwood,George Henry Lewes,5:198
95086,William Blackwood,George Henry Lewes,5:196
95085,William Blackwood,George Henry Lewes,6:256
95084,William Blackwood,George Henry Lewes,6:218
95083,William Blackwood,George Henry Lewes,6:205
95082,William Blackwood,George Henry Lewes,6:259
95081,William Blackwood,George Henry Lewes,6:323
95080,William Blackwood,George Henry Lewes,9:100
95079,William Blackwood,George Henry Lewes,5:216
95078,William Blackwood,George Henry Lewes,5:190
95077,William Blackwood,George Henry Lewes,5:214
95076,William Blackwood,George Henry Lewes,6:252
95075,William Blackwood,George Henry Lewes,6:211
95074,William Blackwood,George Henry Lewes,6:212
95073,William Blackwood,George Henry Lewes,6:257
95072,William Blackwood,George Henry Lewes,5:311
95071,William Blackwood,George Henry Lewes,5:313
95070,William Blackwood,George Henry Lewes,5:185
95069,William Blackwood,George Henry Lewes,5:308
95068,William Blackwood,George Henry Lewes,5:305
95067,William Blackwood,George Henry Lewes,5:195
95066,William Blackwood,George Henry Lewes,9:26
95065,William Blackwood,George Henry Lewes,5:191
95064,William Blackwood,George Henry Lewes,5:202
95063,William Blackwood,George Henry Lewes,5:309
95062,William Blackwood and Sons,George Henry Lewes,6:237
95061,William Bell Scott,George Henry Lewes,8:450
95060,William Bell Scott,George Henry Lewes,4:441
95059,William Bell Scott,George Henry Lewes,6:138
95058,William Bell Scott,George Henry Lewes,4:489
95057,William Bell Scott,George Henry Lewes,8:446
95056,William Allingham,George Henry Lewes,9:52
95055,William Allingham,George Henry Lewes,9:141
95054,William Allingham,George Henry Lewes,9:51
95053,William Allingham,George Henry Lewes,9:142
95052,Wathen Mark Wilks Call,George Henry Lewes,8:308
95051,Thomas Henry Huxley,George Henry Lewes,8:196
95050,Thomas Henry Huxley,George Henry Lewes,8:209
95049,Thomas Henry Huxley,George Henry Lewes,8:360
95048,Thomas Henderson,George Henry Lewes,7:76
95047,Thomas Hailes Lacy,George Henry Lewes,8:143
95046,Thomas Hailes Lacy,George Henry Lewes,8:143
95045,Thomas Carlyle,George Henry Lewes,2:176
95044,Thomas Carlyle,George Henry Lewes,8:215
95043,Thomas Adolphus Trollope,George Henry Lewes,8:286
95042,Thomas Adolphus Trollope,George Henry Lewes,8:447
95041,Thomas Adolphus Trollope,George Henry Lewes,8:305
95040,Thomas Adolphus Trollope,George Henry Lewes,5:69
95039,Thomas Adolphus Trollope,George Henry Lewes,8:334
95038,Thomas Adolphus Trollope,George Henry Lewes,8:302
95037,Thomas Adolphus Trollope,George Henry Lewes,8:445
95036,Thomas Adolphus Trollope,George Henry Lewes,8:357
95035,Thomas Adolphus Trollope,George Henry Lewes,8:360
95034,Thomas Adolphus Trollope,George Henry Lewes,8:349
95033,Thomas Adolphus Trollope,George Henry Lewes,8:447
95032,Theodore Martin,George Henry Lewes,8:258
95031,Theodore Martin,George Henry Lewes,8:144
95030,Theodore Martin,George Henry Lewes,9:175
95029,The Misses Cross,George Henry Lewes,6:395
95028,"The Edi, Athenaeum",George Henry Lewes,8:400
95027,The Countess Ida von Baudissin,George Henry Lewes,5:11
95026,Sydney Williams,George Henry Lewes,8:195
95025,Sir John Bowring,George Henry Lewes,8:354
95024,Sir Henry Thompson,George Henry Lewes,9:231
95023,Sir Arthur Helps,George Henry Lewes,9:140
95022,Sir Arthur Helps,George Henry Lewes,9:79
95021,Sir Arthur Helps,George Henry Lewes,9:78
95020,Sir Arthur Helps,George Henry Lewes,9:76
95019,Sir Arthur Helps,George Henry Lewes,9:77
95018,Silas Weir Mitchell,George Henry Lewes,4:52
95017,Sidney Colvin,George Henry Lewes,9:113
95016,Sara Sophia Hennell,George Henry Lewes,2:370
95015,Sara Sophia Hennell,George Henry Lewes,8:323
95014,Sara Sophia Hennell,George Henry Lewes,4:58
95013,Robert Lyt,George Henry Lewes,9:20
95012,Robert Lyt,George Henry Lewes,9:18
95011,Robert Lyt,George Henry Lewes,9:59
95010,Robert Lyt,George Henry Lewes,8:474
95009,Robert Lyt,George Henry Lewes,8:448
95008,Robert Lyt,George Henry Lewes,9:6
95007,Robert Lyt,George Henry Lewes,9:14
95006,Robert Lyt,George Henry Lewes,9:48
95005,Robert Lyt,George Henry Lewes,8:453
95004,Robert Lyt,George Henry Lewes,8:365
95003,Robert Lyt,George Henry Lewes,9:25
95002,Robert Lyt,George Henry Lewes,8:350
95001,Robert Lyt,George Henry Lewes,8:406
95000,Robert Lyt,George Henry Lewes,8:477
94999,Robert Lyt,George Henry Lewes,8:485
94998,Robert Lyt,George Henry Lewes,8:481
94997,Robert Lyt,George Henry Lewes,8:479
94996,Robert Lyt,George Henry Lewes,8:481
94995,Robert Lyt,George Henry Lewes,8:478
94994,Robert Lyt,George Henry Lewes,8:472
94993,"Robert Chambers, Jr.",George Henry Lewes,8:311
94992,Richard Owen,George Henry Lewes,8:407
94991,Richard Owen,George Henry Lewes,8:142
94990,Richard Monck,George Henry Lewes,8:162
94989,Richard Monck,George Henry Lewes,8:161
94988,Richard Liebreich,George Henry Lewes,6:356
94987,Richard Hengist Horne,George Henry Lewes,8:364
94986,Richard Hengist Horne,George Henry Lewes,8:382
94985,Richard Bentley,George Henry Lewes,8:272
94984,Richard Bentley,George Henry Lewes,8:274
94983,Richard Bentley,George Henry Lewes,8:389
94982,Prospectus For Fortnightly,George Henry Lewes,8:335
94981,Porter & Coates,George Henry Lewes,9:129
94980,Philip Gilbert Hamer,George Henry Lewes,9:29
94979,Philip Gilbert Hamer,George Henry Lewes,9:234
94978,Peter Guthrie Tait,George Henry Lewes,9:174
94977,Paul Lindau,George Henry Lewes,9:165
94976,Oscar Browning,George Henry Lewes,9:168
94975,Octavia Hill,George Henry Lewes,5:371
94974,Nikolaus Tr'fcbner,George Henry Lewes,8:403
94973,Nicholas Tr'fcbner,George Henry Lewes,7:35
94972,Nicholas Tr'fcbner,George Henry Lewes,5:151
94971,Mrs. William Cross,George Henry Lewes,9:20
94970,Mrs. William Cross,George Henry Lewes,5:282
94969,Mrs. William Cross,George Henry Lewes,5:352
94968,Mrs. William Cross,George Henry Lewes,6:436
94967,Mrs. William Cross,George Henry Lewes,5:204
94966,Mrs. William Cross,George Henry Lewes,9:28
94965,Mrs. William Cross,George Henry Lewes,6:354
94964,Mrs. William Cross,George Henry Lewes,6:118
94963,Mrs. Shirley Brooks,George Henry Lewes,8:446
94962,Mrs. Robert Lyt,George Henry Lewes,8:398
94961,Mrs. Richard Strachey,George Henry Lewes,9:65
94960,Mrs. Richard Strachey,George Henry Lewes,9:63
94959,Mrs. John Willim,George Henry Lewes,5:83
94958,Mrs. John Willim and Mr. And Mrs. Charles Lee Lewes,George Henry Lewes,4:272
94957,Mrs. George James Howard,George Henry Lewes,9:136
94956,Mrs. George James Howard,George Henry Lewes,9:130
94955,Mrs. Frederick Lehmann,George Henry Lewes,8:328
94954,Mrs. Frederick Lehmann,George Henry Lewes,9:176
94953,Mrs. Frederick Lehmann,George Henry Lewes,9:188
94952,Mrs. Frederick Lehmann,George Henry Lewes,8:401
94951,Mrs. Felix Moscheles,George Henry Lewes,9:192
94950,Mrs. Elma Stuart,George Henry Lewes,6:393
94949,Mrs. Elma Stuart,George Henry Lewes,6:400
94948,Mrs. Elma Stuart,George Henry Lewes,7:38
94947,Mrs. Elma Stuart,George Henry Lewes,6:365
94946,Mrs. Elma Stuart,George Henry Lewes,6:120
94945,Mrs. Elma Stuart,George Henry Lewes,6:85
94944,Mrs. Elma Stuart,George Henry Lewes,5:462
94943,Mrs. Elma Stuart,George Henry Lewes,7:10
94942,Mrs. Elma Stuart,George Henry Lewes,6:437
94941,Mrs. Elma Stuart,George Henry Lewes,6:334
94940,Mrs. Elma Stuart,George Henry Lewes,6:322
94939,Mrs. Elma Stuart,George Henry Lewes,6:306
94938,Mrs. Elma Stuart,George Henry Lewes,5:376
94937,Mrs. Elma Stuart,George Henry Lewes,5:244
94936,Mrs. Elma Stuart,George Henry Lewes,6:260
94935,Mrs. Elma Stuart,George Henry Lewes,6:121
94934,Mrs. Elma Stuart,George Henry Lewes,6:262
94933,Mrs. Elma Stuart,George Henry Lewes,6:86
94932,Mrs. Elma Stuart,George Henry Lewes,6:78
94931,Mrs. Elizabeth Cleghorn Gaskell,George Henry Lewes,2:315
94930,Phoebe [Mrs. Edwin] Lankester,George Henry Lewes,9:222
94929,Mrs. Charles Eliot Nor,George Henry Lewes,5:10
94928,Caroline [Mrs. Charles] Bray,George Henry Lewes,8:308
94927,Caroline [Mrs. Charles] Bray,George Henry Lewes,9:153
94926,Mrs. A. Henry Huth,George Henry Lewes,9:174
94925,Mr. And Mrs. W. M. W. Call,George Henry Lewes,8:304
94924,Mr. and Mrs. Thomas Adolphus Trollope,George Henry Lewes,3:470
94923,Mr. and Mrs. George Howard,George Henry Lewes,9:104
94922,Mr. And Mrs. Charles Lewes,George Henry Lewes,8:451
94921,Mr. and Mrs. Charles Lee Lewes,George Henry Lewes,4:283
94920,Mr. and Mrs. Charles Lee Lewes,George Henry Lewes,5:126
94919,Mr. and Mrs. Charles Lee Lewes,George Henry Lewes,5:36
94918,Mr. Charles Lee Lewes and Gertrude [Mrs. Charles Lee] Lewes,George Henry Lewes,4:383
94917,Mr. Charles Lee Lewes and Gertrude [Mrs. Charles Lee] Lewes,George Henry Lewes,4:185
94916,Moncure Daniel Conway,George Henry Lewes,8:412
94915,Moncure Daniel Conway,George Henry Lewes,8:356
94914,Moncure Daniel Conway,George Henry Lewes,8:347
94913,Moncure Daniel Conway,George Henry Lewes,8:388
94912,Moncure Daniel Conway,George Henry Lewes,8:339
94911,Moncure Daniel Conway,George Henry Lewes,9:58
94910,Barbara [Mme Eugene] Bodichon,George Henry Lewes,3:269
94909,Barbara [Mme Eugene] Bodichon,George Henry Lewes,8:238
94908,Barbara [Mme Eugene] Bodichon,George Henry Lewes,9:178
94907,Barbara [Mme Eugene] Bodichon,George Henry Lewes,5:46
94906,Barbara [Mme Eugene] Bodichon,George Henry Lewes,9:229
94905,Barbara [Mme Eugene] Bodichon,George Henry Lewes,6:367
94904,Barbara [Mme Eugene] Bodichon,George Henry Lewes,7:12
94903,Barbara [Mme Eugene] Bodichon,George Henry Lewes,6:358
94902,Barbara [Mme Eugene] Bodichon,George Henry Lewes,6:429
94901,Barbara [Mme Eugene] Bodichon,George Henry Lewes,9:218
94900,Barbara [Mme Eugene] Bodichon,George Henry Lewes,8:476
94899,Barbara [Mme Eugene] Bodichon,George Henry Lewes,8:490
94898,Barbara [Mme Eugene] Bodichon,George Henry Lewes,6:373
94897,Barbara [Mme Eugene] Bodichon,George Henry Lewes,8:456
94896,Barbara [Mme Eugene] Bodichon,George Henry Lewes,5:225
94895,Barbara [Mme Eugene] Bodichon,George Henry Lewes,9:7
94894,Barbara [Mme Eugene] Bodichon,George Henry Lewes,8:312
94893,Messrs. William Blackwood and Sons,George Henry Lewes,2:498
94892,"Messrs. Osgood, Ticknor and Co.",George Henry Lewes,5:139
94891,Messrs. J. R. Osgood and Co.,George Henry Lewes,5:198
94890,Messrs Scribner & Co.,George Henry Lewes,8:486
94889,Messrs Harper and Brothers,George Henry Lewes,9:35
94888,Mary Finlay Cross,George Henry Lewes,6:154
94887,Mark Pattison,George Henry Lewes,6:204
94886,Mark Pattison,George Henry Lewes,6:202
94885,Mark Pattison,George Henry Lewes,6:243
94884,Lord Lyt,George Henry Lewes,9:152
94883,Lord Lyt,George Henry Lewes,9:120
94882,Lord Lyt,George Henry Lewes,9:146
94881,Lord Lyt,George Henry Lewes,9:150
94880,Lord Lyt,George Henry Lewes,9:147
94879,Lord Lyt,George Henry Lewes,9:145
94878,Lord Hough,George Henry Lewes,9:44
94877,Lord Hough,George Henry Lewes,8:332
94876,Lord Hough,George Henry Lewes,9:152
94875,Lord Hough,George Henry Lewes,8:404
94874,Lord Hough,George Henry Lewes,8:337
94873,Lord Hough,George Henry Lewes,8:356
94872,Lord Hough,George Henry Lewes,8:357
94871,Lord Hough,George Henry Lewes,8:346
94870,Lord Hough,George Henry Lewes,8:336
94869,Lord Hough,George Henry Lewes,9:41
94868,Lord Amberley,George Henry Lewes,8:483
94867,Lord Amberley,George Henry Lewes,8:352
94866,Lord Amberley,George Henry Lewes,8:386
94865,Lord Amberley,George Henry Lewes,8:399
94864,Lord Amberley,George Henry Lewes,8:389
94863,Lord Amberley,George Henry Lewes,8:370
94862,Lady Amberley,George Henry Lewes,8:399
94861,Lady Amberley,George Henry Lewes,8:398
94860,Lady [?],George Henry Lewes,9:116
94859,Kate Field,George Henry Lewes,9:43
94858,Kate Field,George Henry Lewes,9:51
94857,Kate Field,George Henry Lewes,9:56
94856,Julius V. Carus,George Henry Lewes,9:12
94855,Joseph Munt Langford,George Henry Lewes,9:43
94854,Joseph Frank Payne,George Henry Lewes,5:148
94853,Joseph Frank Payne,George Henry Lewes,5:7
94852,John William Parker,George Henry Lewes,8:149
94851,John William Parker,George Henry Lewes,8:149
94850,"John William Parker, Jr.",George Henry Lewes,8:148
94849,John William Parker,George Henry Lewes,8:155
94848,John Walter Cross,George Henry Lewes,6:386
94847,John Walter Cross,George Henry Lewes,6:169
94846,John Walter Cross,George Henry Lewes,9:117
94845,John Walter Cross,George Henry Lewes,5:368
94844,John Walter Cross,George Henry Lewes,9:107
94843,John Walter Cross,George Henry Lewes,9:136
94842,John Walter Cross,George Henry Lewes,5:414
94841,John Walter Cross,George Henry Lewes,6:344
94840,John Walter Cross,George Henry Lewes,9:71
94839,John Walter Cross,George Henry Lewes,5:402
94838,John Walter Cross,George Henry Lewes,9:191
94837,John Walter Cross,George Henry Lewes,9:131
94836,John Walter Cross,George Henry Lewes,9:190
94835,John Walter Cross,George Henry Lewes,9:36
94834,John Stuart Blackie,George Henry Lewes,8:147
94833,John Stuart Blackie,George Henry Lewes,8:386
94832,John Simon,George Henry Lewes,9:17
94831,"John Sibree, Jr.",George Henry Lewes,8:152
94830,John Morley,George Henry Lewes,9:32
94829,John H. Balfour-Browne,George Henry Lewes,9:31
94828,John Fiske,George Henry Lewes,5:453
94827,John Everett Millais,George Henry Lewes,9:191
94826,John Dennis,George Henry Lewes,8:375
94825,John Chapman,George Henry Lewes,3:13
94824,John Chapman,George Henry Lewes,8:223
94823,John Chapman,George Henry Lewes,2:139
94822,John Chapman,George Henry Lewes,2:470
94821,John Chapman,George Henry Lewes,8:77
94820,John Chapman,George Henry Lewes,8:77
94819,John Blackwood,George Henry Lewes,6:391
94818,John Blackwood,George Henry Lewes,7:50
94817,John Blackwood,George Henry Lewes,6:388
94816,John Blackwood,George Henry Lewes,3:145
94815,John Blackwood,George Henry Lewes,3:10
94814,John Blackwood,George Henry Lewes,8:254
94813,John Blackwood,George Henry Lewes,3:38
94812,John Blackwood,George Henry Lewes,3:335
94811,John Blackwood,George Henry Lewes,3:54
94810,John Blackwood,George Henry Lewes,3:35
94809,John Blackwood,George Henry Lewes,8:240
94808,John Blackwood,George Henry Lewes,3:332
94807,John Blackwood,George Henry Lewes,3:330
94806,John Blackwood,George Henry Lewes,3:268
94805,John Blackwood,George Henry Lewes,8:229
94804,John Blackwood,George Henry Lewes,3:258
94803,John Blackwood,George Henry Lewes,3:4
94802,John Blackwood,George Henry Lewes,3:327
94801,John Blackwood,George Henry Lewes,3:269
94800,John Blackwood,George Henry Lewes,3:242
94799,John Blackwood,George Henry Lewes,3:61
94798,John Blackwood,George Henry Lewes,3:127
94797,John Blackwood,George Henry Lewes,3:266
94796,John Blackwood,George Henry Lewes,8:232
94795,John Blackwood,George Henry Lewes,8:236
94794,John Blackwood,George Henry Lewes,8:235
94793,John Blackwood,George Henry Lewes,3:252
94792,John Blackwood,George Henry Lewes,3:188
94791,John Blackwood,George Henry Lewes,8:235
94790,John Blackwood,George Henry Lewes,3:212
94789,John Blackwood,George Henry Lewes,3:117
94788,John Blackwood,George Henry Lewes,3:211
94787,John Blackwood,George Henry Lewes,3:72
94786,John Blackwood,George Henry Lewes,8:236
94785,John Blackwood,George Henry Lewes,3:55
94784,John Blackwood,George Henry Lewes,3:341
94783,John Blackwood,George Henry Lewes,3:262
94782,John Blackwood,George Henry Lewes,3:208
94781,John Blackwood,George Henry Lewes,3:250
94780,John Blackwood,George Henry Lewes,8:222
94779,John Blackwood,George Henry Lewes,3:249
94778,John Blackwood,George Henry Lewes,3:183
94777,John Blackwood,George Henry Lewes,3:49
94776,John Blackwood,George Henry Lewes,3:83
94775,John Blackwood,George Henry Lewes,3:345
94774,John Blackwood,George Henry Lewes,3:46
94773,John Blackwood,George Henry Lewes,3:322
94772,John Blackwood,George Henry Lewes,8:168
94771,John Blackwood,George Henry Lewes,8:168
94770,John Blackwood,George Henry Lewes,2:316
94769,John Blackwood,George Henry Lewes,2:321
94768,John Blackwood,George Henry Lewes,2:325
94767,John Blackwood,George Henry Lewes,5:145
94766,John Blackwood,George Henry Lewes,5:179
94765,John Blackwood,George Henry Lewes,5:164
94764,John Blackwood,George Henry Lewes,5:163
94763,John Blackwood,George Henry Lewes,8:379
94762,John Blackwood,George Henry Lewes,6:159
94761,John Blackwood,George Henry Lewes,6:168
94760,John Blackwood,George Henry Lewes,2:269
94759,John Blackwood,George Henry Lewes,2:372
94758,John Blackwood,George Henry Lewes,2:479
94757,John Blackwood,George Henry Lewes,2:432
94756,John Blackwood,George Henry Lewes,8:185
94755,John Blackwood,George Henry Lewes,2:429
94754,John Blackwood,George Henry Lewes,8:221
94753,John Blackwood,George Henry Lewes,2:448
94752,John Blackwood,George Henry Lewes,2:430
94751,John Blackwood,George Henry Lewes,2:497
94750,John Blackwood,George Henry Lewes,8:176
94749,John Blackwood,George Henry Lewes,2:439
94748,John Blackwood,George Henry Lewes,3:5
94747,John Blackwood,George Henry Lewes,8:202
94746,John Blackwood,George Henry Lewes,2:491
94745,John Blackwood,George Henry Lewes,2:307
94744,John Blackwood,George Henry Lewes,8:189
94743,John Blackwood,George Henry Lewes,2:410
94742,John Blackwood,George Henry Lewes,2:487
94741,John Blackwood,George Henry Lewes,8:182
94740,John Blackwood,George Henry Lewes,8:153
94739,John Blackwood,George Henry Lewes,2:307
94738,John Blackwood,George Henry Lewes,2:405
94737,John Blackwood,George Henry Lewes,8:152
94736,John Blackwood,George Henry Lewes,8:179
94735,John Blackwood,George Henry Lewes,8:179
94734,John Blackwood,George Henry Lewes,8:215
94733,John Blackwood,George Henry Lewes,8:200
94732,John Blackwood,George Henry Lewes,8:173
94731,John Blackwood,George Henry Lewes,8:216
94730,John Blackwood,George Henry Lewes,2:481
94729,John Blackwood,George Henry Lewes,2:378
94728,John Blackwood,George Henry Lewes,2:276
94727,John Blackwood,George Henry Lewes,8:198
94726,John Blackwood,George Henry Lewes,2:506
94725,John Blackwood,George Henry Lewes,2:370
94724,John Blackwood,George Henry Lewes,8:183
94723,John Blackwood,George Henry Lewes,8:189
94722,John Blackwood,George Henry Lewes,8:198
94721,John Blackwood,George Henry Lewes,2:281
94720,John Blackwood,George Henry Lewes,2:273
94719,John Blackwood,George Henry Lewes,2:296
94718,John Blackwood,George Henry Lewes,8:216
94717,John Blackwood,George Henry Lewes,8:186
94716,John Blackwood,George Henry Lewes,2:480
94715,John Blackwood,George Henry Lewes,2:294
94714,John Blackwood,George Henry Lewes,5:299
94713,John Blackwood,George Henry Lewes,5:290
94712,John Blackwood,George Henry Lewes,6:274
94711,John Blackwood,George Henry Lewes,4:452
94710,John Blackwood,George Henry Lewes,4:450
94709,John Blackwood,George Henry Lewes,9:179
94708,John Blackwood,George Henry Lewes,2:463
94707,John Blackwood,George Henry Lewes,8:204
94706,John Blackwood,George Henry Lewes,2:461
94705,John Blackwood,George Henry Lewes,2:466
94704,John Blackwood,George Henry Lewes,2:466
94703,John Blackwood,George Henry Lewes,8:205
94702,John Blackwood,George Henry Lewes,2:448
94701,John Blackwood,George Henry Lewes,3:457
94700,John Blackwood,George Henry Lewes,5:365
94699,John Blackwood,George Henry Lewes,3:387
94698,John Blackwood,George Henry Lewes,7:355
94697,John Blackwood,George Henry Lewes,3:443
94696,John Blackwood,George Henry Lewes,3:385
94695,John Blackwood,George Henry Lewes,3:375
94694,John Blackwood,George Henry Lewes,6:228
94693,John Blackwood,George Henry Lewes,6:201
94692,John Blackwood,George Henry Lewes,5:332
94691,John Blackwood,George Henry Lewes,5:413
94690,John Blackwood,George Henry Lewes,6:299
94689,John Blackwood,George Henry Lewes,6:312
94688,John Blackwood,George Henry Lewes,3:445
94687,John Blackwood,George Henry Lewes,7:357
94686,John Blackwood,George Henry Lewes,9:22
94685,John Blackwood,George Henry Lewes,3:434
94684,John Blackwood,George Henry Lewes,8:277
94683,John Blackwood,George Henry Lewes,3:465
94682,John Blackwood,George Henry Lewes,7:9
94681,John Blackwood,George Henry Lewes,5:370
94680,John Blackwood,George Henry Lewes,8:373
94679,John Blackwood,George Henry Lewes,5:202
94678,John Blackwood,George Henry Lewes,3:406
94677,John Blackwood,George Henry Lewes,5:66
94676,John Blackwood,George Henry Lewes,6:331
94675,John Blackwood,George Henry Lewes,3:444
94674,John Blackwood,George Henry Lewes,6:238
94673,John Blackwood,George Henry Lewes,6:210
94672,John Blackwood,George Henry Lewes,4:252
94671,John Blackwood,George Henry Lewes,3:459
94670,John Blackwood,George Henry Lewes,6:44
94669,John Blackwood,George Henry Lewes,6:262
94668,John Blackwood,George Henry Lewes,5:4
94667,John Blackwood,George Henry Lewes,5:29
94666,John Blackwood,George Henry Lewes,4:405
94665,John Blackwood,George Henry Lewes,5:234
94664,John Blackwood,George Henry Lewes,3:357
94663,John Blackwood,George Henry Lewes,5:79
94662,John Blackwood,George Henry Lewes,6:180
94661,John Blackwood,George Henry Lewes,9:98
94660,John Blackwood,George Henry Lewes,9:115
94659,John Blackwood,George Henry Lewes,4:434
94658,John Blackwood,George Henry Lewes,8:348
94657,John Blackwood,George Henry Lewes,6:303
94656,John Blackwood,George Henry Lewes,4:263
94655,John Blackwood,George Henry Lewes,6:205
94654,John Blackwood,George Henry Lewes,9:69
94653,John Blackwood,George Henry Lewes,9:86
94652,John Blackwood,George Henry Lewes,3:430
94651,John Blackwood,George Henry Lewes,6:217
94650,John Blackwood,George Henry Lewes,9:96
94649,John Blackwood,George Henry Lewes,6:345
94648,John Blackwood,George Henry Lewes,6:224
94647,John Blackwood,George Henry Lewes,3:349
94646,John Blackwood,George Henry Lewes,8:273
94645,John Blackwood,George Henry Lewes,4:449
94644,John Blackwood,George Henry Lewes,6:42
94643,John Blackwood,George Henry Lewes,5:19
94642,John Blackwood,George Henry Lewes,8:373
94641,John Blackwood,George Henry Lewes,6:255
94640,John Blackwood,George Henry Lewes,6:192
94639,John Blackwood,George Henry Lewes,5:18
94638,John Blackwood,George Henry Lewes,5:349
94637,John Blackwood,George Henry Lewes,7:78
94636,John Blackwood,George Henry Lewes,9:89
94635,John Blackwood,George Henry Lewes,4:241
94634,John Blackwood,George Henry Lewes,3:348
94633,John Blackwood,George Henry Lewes,8:274
94632,John Blackwood,George Henry Lewes,4:399
94631,John Blackwood,George Henry Lewes,3:441
94630,John Blackwood,George Henry Lewes,3:380
94629,John Blackwood,George Henry Lewes,6:188
94628,John Blackwood,George Henry Lewes,8:397
94627,John Blackwood,George Henry Lewes,6:214
94626,John Blackwood,George Henry Lewes,6:11
94625,John Blackwood,George Henry Lewes,4:50
94624,John Blackwood,George Henry Lewes,8:192
94623,John Blackwood,George Henry Lewes,4:495
94622,John Blackwood,George Henry Lewes,9:88
94621,John Blackwood,George Henry Lewes,6:212
94620,John Blackwood,George Henry Lewes,3:473
94619,John Blackwood,George Henry Lewes,5:246
94618,John Blackwood,George Henry Lewes,4:469
94617,John Blackwood,George Henry Lewes,5:201
94616,John Blackwood,George Henry Lewes,5:254
94615,John Blackwood,George Henry Lewes,9:80
94614,John Blackwood,George Henry Lewes,4:416
94613,John Blackwood,George Henry Lewes,5:264
94612,John Blackwood,George Henry Lewes,4:258
94611,John Blackwood,George Henry Lewes,9:100
94610,John Blackwood,George Henry Lewes,4:253
94609,John Blackwood,George Henry Lewes,6:196
94608,John Blackwood,George Henry Lewes,8:273
94607,John Blackwood,George Henry Lewes,8:154
94606,John Blackwood,George Henry Lewes,2:361
94605,John Blackwood,George Henry Lewes,2:338
94604,John Blackwood,George Henry Lewes,2:330
94603,John Blackwood,George Henry Lewes,2:337
94602,John Blackwood,George Henry Lewes,8:172
94601,John Blackwood,George Henry Lewes,2:365
94600,John Blackwood,George Henry Lewes,2:350
94599,John Blackwood,George Henry Lewes,2:363
94598,John Blackwood,George Henry Lewes,3:420
94597,John Blackwood,George Henry Lewes,6:61
94596,John Blackwood,George Henry Lewes,2:468
94595,John Blackwood,George Henry Lewes,2:473
94594,John Blackwood,George Henry Lewes,4:80
94593,John Blackwood,George Henry Lewes,4:27
94592,John Blackwood,George Henry Lewes,5:319
94591,John Blackwood,George Henry Lewes,8:235
94590,John Blackwood,George Henry Lewes,2:380
94589,John Blackwood,George Henry Lewes,2:416
94588,John Blackwood,George Henry Lewes,2:435
94587,John Blackwood,George Henry Lewes,2:386
94586,John Blackwood,George Henry Lewes,6:247
94585,John Blackwood,George Henry Lewes,5:183
94584,John Blackwood,George Henry Lewes,5:195
94583,John Blackwood,George Henry Lewes,5:193
94582,John Blackwood,George Henry Lewes,8:281
94581,John Blackwood,George Henry Lewes,5:308
94580,John Blackwood,George Henry Lewes,6:219
94579,James Thomas Fields,George Henry Lewes,5:94
94578,James Thomas Fields,George Henry Lewes,8:452
94577,James Sully,George Henry Lewes,9:143
94576,James Sully,George Henry Lewes,9:177
94575,James Redpath,George Henry Lewes,8:441
94574,James R. Quirk,George Henry Lewes,3:135
94573,James Holden,George Henry Lewes,8:455
94572,Jabez Hogg,George Henry Lewes,9:233
94571,Jabez Hogg,George Henry Lewes,9:222
94570,J. R. Osgood and Co.,George Henry Lewes,5:165
94569,J. R. Osgood & Co.,George Henry Lewes,9:156
94568,J. R. Osgood & Co.,George Henry Lewes,9:23
94567,J. R. Osgood & Co.,George Henry Lewes,9:155
94566,J. Bailey,George Henry Lewes,8:347
94565,his Sons,George Henry Lewes,3:195
94564,His Sons,George Henry Lewes,8:264
94563,Herbert Spencer,George Henry Lewes,8:150
94562,Herbert Spencer,George Henry Lewes,8:76
94561,Herbert Spencer,George Henry Lewes,9:140
94560,Henry Jennings,George Henry Lewes,9:196
94559,Henry George Bohn,George Henry Lewes,8:157
94558,Henry George Bohn,George Henry Lewes,8:159
94557,Henry Danby Seymour,George Henry Lewes,8:330
94556,Henry Cromp,George Henry Lewes,9:97
94555,Henry Crabb Robinson,George Henry Lewes,8:139
94554,Henry Charl,George Henry Lewes,8:439
94553,Henry Charl,George Henry Lewes,8:412
94552,Henry Charl,George Henry Lewes,8:416
94551,Henry Austin Dobson,George Henry Lewes,9:114
94550,Henry Austin Dobson,George Henry Lewes,9:111
94549,Guy Rodgers,George Henry Lewes,5:339
94548,George Smith,George Henry Lewes,9:70
94547,George Smith,George Henry Lewes,8:411
94546,George Smith,George Henry Lewes,9:69
94545,George Smith,George Henry Lewes,9:70
94544,George Smith,George Henry Lewes,9:64
94543,George Smith,George Henry Lewes,9:114
94542,George Smith,George Henry Lewes,9:157
94541,George Smith,George Henry Lewes,8:395
94540,George Simpson,George Henry Lewes,6:39
94539,George Simpson,George Henry Lewes,5:266
94538,George Simpson,George Henry Lewes,6:197
94537,George Simpson,George Henry Lewes,9:89
94536,George Simpson,George Henry Lewes,5:326
94535,George Lillie Craik,George Henry Lewes,5:353
94534,George James Howard,George Henry Lewes,9:99
94533,George James Howard,George Henry Lewes,9:75
94532,George Jacob Holyoake,George Henry Lewes,6:160
94531,George Croom Robertson,George Henry Lewes,9:211
94530,George Croom Robertson,George Henry Lewes,9:171
94529,George Croom Robertson,George Henry Lewes,9:143
94528,George Croom Robertson,George Henry Lewes,9:189
94527,George Combe,George Henry Lewes,8:162
94526,George Busk,George Henry Lewes,8:439
94525,Georg Kestner,George Henry Lewes,8:309
94524,Frederick Locker,George Henry Lewes,5:260
94523,Frederick Locker,George Henry Lewes,5:258
94522,Frederic W. H. Myers,George Henry Lewes,9:142
94521,Frederic Harrison,George Henry Lewes,8:338
94520,Frederic Chapman,George Henry Lewes,8:384
94519,Frederic Chapman,George Henry Lewes,8:272
94518,Frau Ottilie Von Goethe,George Henry Lewes,8:117
94517,Francis Espinasse,George Henry Lewes,8:288
94516,Eneas Sweetland Dallas,George Henry Lewes,8:316
94515,Elma Stuart,George Henry Lewes,6:293
94514,"Edward, Lord Lytton",George Henry Lewes,8:429
94513,Edward Walford,George Henry Lewes,3:429
94512,Edward Spencer Beesly,George Henry Lewes,8:338
94511,Edward F. S. Pigott,George Henry Lewes,9:238
94510,Edward F. S. Pigott,George Henry Lewes,9:197
94509,Edward F. S. Pigott,George Henry Lewes,8:243
94508,Edward F. S. Pigott,George Henry Lewes,8:233
94507,Edward F. S. Pigott,George Henry Lewes,8:258
94506,Edward F. S. Pigott,George Henry Lewes,8:228
94505,Edward F. S. Pigott,George Henry Lewes,8:254
94504,Edward F. S. Pigott,George Henry Lewes,8:234
94503,Edward F. S. Pigott,George Henry Lewes,8:259
94502,Edward F. S. Pigott,George Henry Lewes,8:206
94501,Edward F. S. Pigott,George Henry Lewes,8:374
94500,Edward F. S. Pigott,George Henry Lewes,8:161
94499,Edward F. S. Pigott,George Henry Lewes,8:207
94498,Edward F. S. Pigott,George Henry Lewes,8:251
94497,Edward Dowden,George Henry Lewes,5:299
94496,Edward Dowden,George Henry Lewes,6:336
94495,Edward Dowden,George Henry Lewes,9:231
94494,Dr. Eugene Bodichon,George Henry Lewes,3:129
94493,David Nutt,George Henry Lewes,8:173
94492,David Masson,George Henry Lewes,9:167
94491,David Masson,George Henry Lewes,9:167
94490,Clement Mansfield Ingleby,George Henry Lewes,9:56
94489,Clement Mansfield Ingleby,George Henry Lewes,9:27
94488,Charles Warren S,George Henry Lewes,9:111
94487,Charles Robert Darwin,George Henry Lewes,8:426
94486,Charles Robert Darwin,George Henry Lewes,8:420
94485,Charles Robert Darwin,George Henry Lewes,8:418
94484,Charles Robert Darwin,George Henry Lewes,8:413
94483,Charles Robert Darwin,George Henry Lewes,8:436
94482,Charles Robert Darwin,George Henry Lewes,8:437
94481,Charles Lee Lewes,George Henry Lewes,7:64
94480,Charles Lee Lewes,George Henry Lewes,7:73
94479,Charles Lee Lewes,George Henry Lewes,7:38
94478,Charles Lee Lewes,George Henry Lewes,3:273
94477,Charles Lee Lewes,George Henry Lewes,4:150
94476,Charles Lee Lewes,George Henry Lewes,5:180
94475,Charles Lee Lewes,George Henry Lewes,4:281
94474,Charles Lee Lewes,George Henry Lewes,5:91
94473,Charles Lee Lewes,George Henry Lewes,6:153
94472,Charles Lee Lewes,George Henry Lewes,5:278
94471,Charles Lee Lewes,George Henry Lewes,6:267
94470,Charles Lee Lewes,George Henry Lewes,5:423
94469,Charles Lee Lewes,George Henry Lewes,6:264
94468,Charles Lee Lewes,George Henry Lewes,4:76
94467,Charles Lee Lewes,George Henry Lewes,4:36
94466,Charles Lee Lewes,George Henry Lewes,5:96
94465,Charles Lee Lewes,George Henry Lewes,5:143
94464,Charles Lee Lewes,George Henry Lewes,4:31
94463,Charles Lee Lewes,George Henry Lewes,4:54
94462,Charles Lee Lewes,George Henry Lewes,4:53
94461,Charles Lee Lewes,George Henry Lewes,5:424
94460,Charles Lee Lewes,George Henry Lewes,5:316
94459,Charles Lee Lewes,George Henry Lewes,4:163
94458,Charles Lee Lewes,George Henry Lewes,4:345
94457,Charles Lee Lewes,George Henry Lewes,8:282
94456,Charles Lee Lewes,George Henry Lewes,3:421
94455,Charles Lee Lewes,George Henry Lewes,6:77
94454,Charles Lee Lewes,George Henry Lewes,6:59
94453,Charles Lee Lewes,George Henry Lewes,4:331
94452,Charles Lee Lewes,George Henry Lewes,5:85
94451,Charles Kent,George Henry Lewes,8:408
94450,Charles Holte Bracebridge,George Henry Lewes,3:167
94449,Charles Holte Bracebridge,George Henry Lewes,3:158
94448,Charles Eliot Nor,George Henry Lewes,5:4
94447,Charles Edward Apple,George Henry Lewes,9:10
94446,Charles Bray,George Henry Lewes,8:245
94445,Charles Bray,George Henry Lewes,8:237
94444,Charles Bray,George Henry Lewes,3:91
94443,Charles Bray,George Henry Lewes,8:260
94442,Charles Bray,George Henry Lewes,8:361
94441,Charles Bray,George Henry Lewes,8:112
94440,Charles Bol,George Henry Lewes,8:303
94439,Charles And Thorn,George Henry Lewes,8:120
94438,Benjamin N. Webster,George Henry Lewes,8:140
94437,Benjamin N. Webster,George Henry Lewes,8:141
94436,Arthur Helps,George Henry Lewes,8:195
94435,Arthur Helps,George Henry Lewes,8:275
94434,An,George Henry Lewes,8:394
94433,Alice Helps,George Henry Lewes,6:129
94432,Alfred Tennyson,George Henry Lewes,9:195
94431,Alfred Tennyson,George Henry Lewes,9:236
94430,Alexander Main,George Henry Lewes,6:156
94429,Alexander Main,George Henry Lewes,5:275
94428,Alexander Main,George Henry Lewes,5:302
94427,Alexander Main,George Henry Lewes,5:283
94426,Alexander Main,George Henry Lewes,5:292
94425,Alexander Main,George Henry Lewes,5:297
94424,Alexander Main,George Henry Lewes,5:337
94423,Alexander Main,George Henry Lewes,9:183
94422,Alexander Main,George Henry Lewes,9:116
94421,Alexander Main,George Henry Lewes,5:431
94420,Alexander Main,George Henry Lewes,5:218
94419,Alexander Main,George Henry Lewes,9:184
94418,Alexander Main,George Henry Lewes,5:192
94417,Alexander Main,George Henry Lewes,5:396
94416,Alexander Main,George Henry Lewes,5:205
94415,Alexander Main,George Henry Lewes,5:250
94414,Alexander Main,George Henry Lewes,5:228
94413,Alexander Main,George Henry Lewes,6:209
94412,Alexander Main,George Henry Lewes,5:360
94411,Alexander Main,George Henry Lewes,9:82
94410,Alexander Main,George Henry Lewes,6:362
94409,Alexander Main,George Henry Lewes,5:267
94408,Alexander Main,George Henry Lewes,6:175
94407,Alexander Main,George Henry Lewes,6:30
94406,Alexander Main,George Henry Lewes,6:226
94405,Alexander Main,George Henry Lewes,9:126
94404,Alexander Main,George Henry Lewes,6:6
94403,Alexander Main,George Henry Lewes,6:128
94402,Alexander Main,George Henry Lewes,9:39
94401,Alexander Main,George Henry Lewes,5:398
94400,Alexander Main,George Henry Lewes,5:210
94399,Alexander Main,George Henry Lewes,6:218
94398,Alexander Main,George Henry Lewes,6:95
94397,Alexander Main,George Henry Lewes,5:194
94396,Alexander Main,George Henry Lewes,9:115
94395,Alexander Main,George Henry Lewes,5:415
94394,Alexander Main,George Henry Lewes,5:465
94393,Alexander Main,George Henry Lewes,9:204
94392,Alexander Main,George Henry Lewes,6:131
94391,Alexander Main,George Henry Lewes,5:472
94390,Alexander Main,George Henry Lewes,6:12
94389,Alexander Main,George Henry Lewes,9:40
94388,Alexander Main,George Henry Lewes,6:20
94387,Alexander Main,George Henry Lewes,5:470
94386,Alexander Main,George Henry Lewes,9:51
94385,Alexander Main,George Henry Lewes,5:201
94384,Alexander Main,George Henry Lewes,6:125
94383,Alexander Main,George Henry Lewes,5:213
94382,Alexander Main,George Henry Lewes,5:399
94381,Alexander Main,George Henry Lewes,6:79
94380,Alexander Main,George Henry Lewes,6:71
94379,Alexander Main,George Henry Lewes,5:449
94378,Alexander Main,George Henry Lewes,5:442
94377,Alexander Main,George Henry Lewes,5:447
94376,Alexander Main,George Henry Lewes,5:300
94375,Alexander Main,George Henry Lewes,5:211
94374,Alexander Main,George Henry Lewes,5:397
94373,Alexander Macmillan,George Henry Lewes,7:65
94372,Albert George Dew-Smith,George Henry Lewes,9:220
94371,Albert Druce,George Henry Lewes,6:39
94370,Albert Cohn,George Henry Lewes,5:416
94369,Albert Cohn,George Henry Lewes,9:71
94368,Albert Cohn,George Henry Lewes,5:377
94367,Albert Cohn,George Henry Lewes,5:469
94366,Albert Cohn,George Henry Lewes,9:132
94365,Adolf Stahr,George Henry Lewes,8:164
94364,Adolf And Fanny Stahr,George Henry Lewes,8:486
94363,[The Royal Academy],George Henry Lewes,9:93
94362,[Mrs. William Cross],George Henry Lewes,5:268
94361,[Joseph Munt Langford],George Henry Lewes,5:243
94360,[George Simpson],George Henry Lewes,9:119
94359,[George Simpson],George Henry Lewes,5:17
94358,[George Simpson?],George Henry Lewes,5:262
94357,[George Simpson?],George Henry Lewes,5:223
94356,[George Simpson?],George Henry Lewes,4:254
94355,[Franz Duncker],George Henry Lewes,9:65
94354,[Clement Mansfield Ingleby],George Henry Lewes,6:281
94353,[?],George Henry Lewes,8:474
94352,[?],George Henry Lewes,9:62
94351,[?],George Henry Lewes,9:185
94350,[?],George Henry Lewes,9:226
94349,'e9Mile Mont'e9gut,George Henry Lewes,8:253
94348,U,Ghl Journal,3:148
94347,U,Ghl Journal,3:196
94346,U,Ghl Journal,3:61
94345,U,Ghl Journal,3:189
94344,U,Ghl Journal,3:73
94343,U,Ghl Journal,3:326
94342,U,Ghl Journal,3:193
94341,U,Ghl Journal,3:204
94340,U,Ghl Journal,3:331
94339,U,Ghl Journal,3:267
94338,U,Ghl Journal,5:87
94337,U,Ghl Journal,4:458
94336,U,Ghl Journal,4:283
94335,U,Ghl Journal,3:4
94334,U,Ghl Journal,3:12
94333,U,Ghl Journal,4:450
94332,U,Ghl Journal,4:327
94331,U,Ghl Journal,3:290
94330,U,Ghl Journal,3:115
94329,U,Ghl Journal,4:29
94328,U,Ghl Journal,4:132
94327,U,Ghl Journal,4:24
94326,U,Ghl Journal,3:352
94325,U,Ghl Journal,3:363
94324,U,Ghl Journal,4:360
94323,U,Ghl Journal,3:435
94322,U,Ghl Journal,4:17
94321,U,Ghl Journal,3:349
94320,U,Ghl Journal,4:172
94319,U,Ghl Journal,4:122
94318,U,Ghl Journal,4:115
94317,U,Ghl Journal,4:184
94316,U,Ghl Journal,4:165
94315,U,Ghl Journal,4:392
94314,U,Ghl Journal,4:82
94313,U,Ghl Journal,4:33
94312,U,Ghl Journal,3:378
94311,U,Ghl Journal,4:194
94310,U,Ghl Journal,4:192
94309,U,Ghl Journal,4:415
94308,U,Ghl Journal,4:265
94307,U,Ghl Journal,4:111
94306,U,Ghl Journal,4:19
94305,U,Ghl Journal,4:126
94304,U,Ghl Journal,4:102
94303,U,Ghl Journal,3:308
94302,U,Ghl Journal,3:422
94301,U,Ghl Journal,3:295
94300,U,Ghl Journal,5:20
94299,U,Ghl Journal,4:334
94298,U,Ghl Journal,4:330
94297,U,Ghl Journal,4:270
94296,U,Ghl Journal,4:143
94295,U,Ghl Journal,2:312
94294,U,Ghl Journal,2:310
94293,U,Ghl Journal,2:326
94292,U,Ghl Diary,6:389
94291,U,Ghl Diary,7:60
94290,U,Ghl Diary,7:57
94289,U,Ghl Diary,6:313
94288,U,Ghl Diary,6:292
94287,U,Ghl Diary,6:412
94286,U,Ghl Diary,6:171
94285,U,Ghl Diary,6:375
94284,U,Ghl Diary,5:420
94283,U,Ghl Diary,7:30
94282,U,Ghl Diary,6:138
94281,U,Ghl Diary,5:33
94280,U,Ghl Diary,7:28
94279,U,Ghl Diary,6:236
94278,U,Ghl Diary,6:360
94277,U,Ghl Diary,7:14
94276,U,Ghl Diary,6:233
94275,U,Ghl Diary,6:363
94274,U,Ghl Diary,7:16
94273,U,Ghl Diary,6:348
94272,U,Ghl Diary,5:367
94271,U,Ghl Diary,6:372
94270,U,Ghl Diary,5:310
94269,U,Ghl Diary,7:20
94268,U,Ghl Diary,5:357
94267,U,Ghl Diary,6:254
94266,U,Ghl Diary,6:380
94265,U,Ghl Diary,5:409
94264,U,Ghl Diary,5:433
94263,Sara Sophia Hennell,George Henry Lewes (and George Eliot),3:318
94262,Charles Lee Lewes,George Henry Lewes (and George Eliot),5:176
94261,Charles Lee Lewes,George Henry Lewes (and George Eliot),4:151
94260,Charles Lee Lewes,George Henry Lewes (and George Eliot),3:411
94259,Charles Lee Lewes,George Henry Lewes (and George Eliot),4:387
94258,Charles Lee Lewes,George Henry Lewes (and George Eliot),3:407
94257,George Eliot,George Smith,8:318
94256,William Blackwood,George Simpson,4:439
94255,William Blackwood,George Simpson,4:444
94254,William Blackwood,George Simpson,4:443
94253,Joseph Munt Langford,George Simpson,3:193
94252,Joseph Munt Langford,George Simpson,3:209
94251,Joseph Munt Langford,George Simpson,3:204
94250,Joseph Munt Langford,George Simpson,3:200
94249,John Blackwood,George Simpson,4:263
94248,Charles Lee Lewes,George du Maurier,7:84
94247,George Henry Lewes,George Croom Robertson,9:189
94246,John Chapman,George Combe,8:32
94245,John Chapman,George Combe,8:105
94244,John Chapman,George Combe,8:32
94243,John Chapman,George Combe,8:101
94242,George Eliot,George Combe,8:103
94241,George Eliot,George Combe,8:86
94240,Charles Bray,George Combe,8:129
94239,Charles Bray,George Combe,8:59
94238,U,George Combe Journal,8:118
94237,U,George Combe Journal,8:27
94236,U,George Combe Journal,8:62
94235,J. Martineau,George Eliot [for John Chapman],8:25
94234,Fanny [Mrs. Henry] Houghton,George Eliot,8:169
94233,M,George Eliot,5:229
94232,William Rals,George Eliot,6:132
94231,William Rals,George Eliot,4:478
94230,William R. Shedden-Rals,George Eliot,9:224
94229,William Morris,George Eliot,8:472
94228,William Macilwaine,George Eliot,4:463
94227,William Macilwaine,George Eliot,4:469
94226,William M. Statham,George Eliot,9:176
94225,William Findlay Watson,George Eliot,2:72
94224,William Cross,George Eliot,7:324
94223,William Blackwood,George Eliot,7:55
94222,William Blackwood,George Eliot,7:190
94221,William Blackwood,George Eliot,7:206
94220,William Blackwood,George Eliot,9:276
94219,William Blackwood,George Eliot,7:155
94218,William Blackwood,George Eliot,7:196
94217,William Blackwood,George Eliot,7:70
94216,William Blackwood,George Eliot,7:153
94215,William Blackwood,George Eliot,6:407
94214,William Blackwood,George Eliot,7:58
94213,William Blackwood,George Eliot,7:164
94212,William Blackwood,George Eliot,6:396
94211,William Blackwood,George Eliot,3:334
94210,William Blackwood,George Eliot,3:262
94209,William Blackwood,George Eliot,4:256
94208,William Blackwood,George Eliot,7:254
94207,William Blackwood,George Eliot,4:466
94206,William Blackwood,George Eliot,7:127
94205,William Blackwood,George Eliot,3:462
94204,William Blackwood,George Eliot,7:267
94203,William Blackwood,George Eliot,7:221
94202,William Blackwood,George Eliot,7:237
94201,William Blackwood,George Eliot,7:145
94200,William Blackwood,George Eliot,7:122
94199,William Blackwood,George Eliot,4:474
94198,William Blackwood,George Eliot,3:465
94197,William Blackwood,George Eliot,7:117
94196,William Blackwood,George Eliot,5:203
94195,William Blackwood,George Eliot,7:151
94194,William Blackwood,George Eliot,4:389
94193,William Blackwood,George Eliot,7:253
94192,William Blackwood,George Eliot,7:116
94191,William Blackwood,George Eliot,7:150
94190,William Blackwood,George Eliot,7:228
94189,William Blackwood,George Eliot,7:148
94188,William Blackwood,George Eliot,8:415
94187,William Blackwood,George Eliot,7:252
94186,William Blackwood,George Eliot,9:319
94185,William Blackwood,George Eliot,7:244
94184,William Blackwood,George Eliot,7:250
94183,William Blackwood,George Eliot,7:147
94182,William Blackwood,George Eliot,4:421
94181,William Blackwood,George Eliot,7:144
94180,William Blackwood,George Eliot,3:299
94179,William Blackwood,George Eliot,3:66
94178,William Blackwood,George Eliot,3:76
94177,William Blackwood,George Eliot,2:291
94176,William Blackwood,George Eliot,2:288
94175,William Allingham,George Eliot,6:401
94174,William Allingham,George Eliot,6:347
94173,William Allingham,George Eliot,6:193
94172,William Allingham,George Eliot,6:33
94171,William Allingham,George Eliot,6:376
94170,William Allingham,George Eliot,6:341
94169,Walter W. Skeat,George Eliot,9:39
94168,W. L. Bicknell,George Eliot,9:275
94167,Vivian Byam Lewes,George Eliot,4:121
94166,Vincent Holbeche,George Eliot,2:349
94165,Thomas Henry Huxley,George Eliot,9:5
94164,Thomas Clifford Allbutt,George Eliot,7:103
94163,Thomas Clifford Allbutt,George Eliot,5:450
94162,Thomas Adolphus Trollope,George Eliot,8:306
94161,Thomas Adolphus Trollope,George Eliot,3:431
94160,The Hon. Robert Lyt,George Eliot,5:32
94159,The Hon. Mrs. Robert Lyt,George Eliot,5:170
94158,The Hon. Mrs. Robert Lyt,George Eliot,5:106
94157,the Hon. Mrs. Henry Frederick Ponsonby,George Eliot,6:406
94156,the Hon. Mrs. Henry Frederick Ponsonby,George Eliot,6:166
94155,the Hon. Mrs. Henry Frederick Ponsonby,George Eliot,7:110
94154,the Hon. Mrs. Henry Frederick Ponsonby,George Eliot,6:120
94153,the Hon. Mrs. Henry Frederick Ponsonby,George Eliot,6:124
94152,the Hon. Mrs. Henry Frederick Ponsonby,George Eliot,6:97
94151,the Hon. Lewis Strange Wingfield,George Eliot,5:247
94150,the Hon. Lady Sebright,George Eliot,6:209
94149,the Hon. Lady Ponsonby,George Eliot,7:231
94148,the Hon. Lady Lyt,George Eliot,7:264
94147,the Edi,George Eliot,3:92
94146,the Edi,George Eliot,3:220
94145,The Brays and Hennells,George Eliot,1:223 - 285
94144,Sydney M. Samuel,George Eliot,9:288
94143,Smith Elder & Co.,George Eliot,8:309
94142,Sir Henry Thurstan Holland,George Eliot,7:307
94141,Sir Henry Holland,George Eliot,5:156
94140,Sidney Colvin,George Eliot,5:359
94139,Sara Sophia Hennell,George Eliot,7:72
94138,Sara Sophia Hennell,George Eliot,3:144
94137,Sara Sophia Hennell,George Eliot,2:181
94136,Sara Sophia Hennell,George Eliot,3:174
94135,Sara Sophia Hennell,George Eliot,3:315
94134,Sara Sophia Hennell,George Eliot,3:26
94133,Sara Sophia Hennell,George Eliot,3:136
94132,Sara Sophia Hennell,George Eliot,3:70
94131,Sara Sophia Hennell,George Eliot,3:310
94130,Sara Sophia Hennell,George Eliot,3:14
94129,Sara Sophia Hennell,George Eliot,3:86
94128,Sara Sophia Hennell,George Eliot,3:130
94127,Sara Sophia Hennell,George Eliot,3:201
94126,Sara Sophia Hennell,George Eliot,3:199
94125,Sara Sophia Hennell,George Eliot,3:179
94124,Sara Sophia Hennell,George Eliot,3:247
94123,Sara Sophia Hennell,George Eliot,3:228
94122,Sara Sophia Hennell,George Eliot,3:238
94121,Sara Sophia Hennell,George Eliot,3:181
94120,Sara Sophia Hennell,George Eliot,3:45
94119,Sara Sophia Hennell,George Eliot,2:110
94118,Sara Sophia Hennell,George Eliot,4:423
94117,Sara Sophia Hennell,George Eliot,2:255
94116,Sara Sophia Hennell,George Eliot,2:259
94115,Sara Sophia Hennell,George Eliot,2:312
94114,Sara Sophia Hennell,George Eliot,2:318
94113,Sara Sophia Hennell,George Eliot,1:223 - 285
94112,Sara Sophia Hennell,George Eliot,2:114
94111,Sara Sophia Hennell,George Eliot,4:163
94110,Sara Sophia Hennell,George Eliot,2:265
94109,Sara Sophia Hennell,George Eliot,2:280
94108,Sara Sophia Hennell,George Eliot,2:270
94107,Sara Sophia Hennell,George Eliot,2:485
94106,Sara Sophia Hennell,George Eliot,2:495
94105,Sara Sophia Hennell,George Eliot,2:268
94104,Sara Sophia Hennell,George Eliot,2:476
94103,Sara Sophia Hennell,George Eliot,2:221
94102,Sara Sophia Hennell,George Eliot,2:441
94101,Sara Sophia Hennell,George Eliot,2:289
94100,Sara Sophia Hennell,George Eliot,2:229
94099,Sara Sophia Hennell,George Eliot,2:282
94098,Sara Sophia Hennell,George Eliot,2:263
94097,Sara Sophia Hennell,George Eliot,2:276
94096,Sara Sophia Hennell,George Eliot,2:382
94095,Sara Sophia Hennell,George Eliot,2:388
94094,Sara Sophia Hennell,George Eliot,2:437
94093,Sara Sophia Hennell,George Eliot,2:304
94092,Sara Sophia Hennell,George Eliot,2:227
94091,Sara Sophia Hennell,George Eliot,2:376
94090,Sara Sophia Hennell,George Eliot,2:225
94089,Sara Sophia Hennell,George Eliot,2:421
94088,Sara Sophia Hennell,George Eliot,2:280
94087,Sara Sophia Hennell,George Eliot,2:219
94086,Sara Sophia Hennell,George Eliot,2:411
94085,Sara Sophia Hennell,George Eliot,2:489
94084,Sara Sophia Hennell,George Eliot,2:236
94083,Sara Sophia Hennell,George Eliot,2:477
94082,Sara Sophia Hennell,George Eliot,2:306
94081,Sara Sophia Hennell,George Eliot,2:226
94080,Sara Sophia Hennell,George Eliot,2:230
94079,Sara Sophia Hennell,George Eliot,2:277
94078,Sara Sophia Hennell,George Eliot,2:301
94077,Sara Sophia Hennell,George Eliot,2:404
94076,Sara Sophia Hennell,George Eliot,2:482
94075,Sara Sophia Hennell,George Eliot,2:267
94074,Sara Sophia Hennell,George Eliot,2:223
94073,Sara Sophia Hennell,George Eliot,2:309
94072,Sara Sophia Hennell,George Eliot,2:237
94071,Sara Sophia Hennell,George Eliot,2:311
94070,Sara Sophia Hennell,George Eliot,4:89
94069,Sara Sophia Hennell,George Eliot,2:449
94068,Sara Sophia Hennell,George Eliot,2:464
94067,Sara Sophia Hennell,George Eliot,2:452
94066,Sara Sophia Hennell,George Eliot,1:289 - 338
94065,Sara Sophia Hennell,George Eliot,1:341 - 378
94064,Sara Sophia Hennell,George Eliot,4:77
94063,Sara Sophia Hennell,George Eliot,2:144
94062,Sara Sophia Hennell,George Eliot,4:235
94061,Sara Sophia Hennell,George Eliot,4:144
94060,Sara Sophia Hennell,George Eliot,4:180
94059,Sara Sophia Hennell,George Eliot,3:376
94058,Sara Sophia Hennell,George Eliot,4:315
94057,Sara Sophia Hennell,George Eliot,4:209
94056,Sara Sophia Hennell,George Eliot,4:177
94055,Sara Sophia Hennell,George Eliot,2:140
94054,Sara Sophia Hennell,George Eliot,3:467
94053,Sara Sophia Hennell,George Eliot,5:232
94052,Sara Sophia Hennell,George Eliot,5:9
94051,Sara Sophia Hennell,George Eliot,7:343
94050,Sara Sophia Hennell,George Eliot,3:441
94049,Sara Sophia Hennell,George Eliot,4:161
94048,Sara Sophia Hennell,George Eliot,4:147
94047,Sara Sophia Hennell,George Eliot,4:60
94046,Sara Sophia Hennell,George Eliot,4:9
94045,Sara Sophia Hennell,George Eliot,4:312
94044,Sara Sophia Hennell,George Eliot,5:242
94043,Sara Sophia Hennell,George Eliot,4:206
94042,Sara Sophia Hennell,George Eliot,4:160
94041,Sara Sophia Hennell,George Eliot,6:34
94040,Sara Sophia Hennell,George Eliot,4:22
94039,Sara Sophia Hennell,George Eliot,4:65
94038,Sara Sophia Hennell,George Eliot,4:410
94037,Sara Sophia Hennell,George Eliot,4:123
94036,Sara Sophia Hennell,George Eliot,4:70
94035,Sara Sophia Hennell,George Eliot,4:168
94034,Sara Sophia Hennell,George Eliot,6:426
94033,Sara Sophia Hennell,George Eliot,4:153
94032,Sara Sophia Hennell,George Eliot,6:40
94031,Sara Sophia Hennell,George Eliot,7:224
94030,Sara Sophia Hennell,George Eliot,6:310
94029,Sara Sophia Hennell,George Eliot,5:217
94028,Sara Sophia Hennell,George Eliot,5:68
94027,Sara Sophia Hennell,George Eliot,4:400
94026,Sara Sophia Hennell,George Eliot,4:314
94025,Sara Sophia Hennell,George Eliot,3:466
94024,Sara Sophia Hennell,George Eliot,5:329
94023,Sara Sophia Hennell,George Eliot,5:259
94022,Sara Sophia Hennell,George Eliot,4:128
94021,Sara Sophia Hennell,George Eliot,5:56
94020,Sara Sophia Hennell,George Eliot,4:212
94019,Sara Sophia Hennell,George Eliot,6:191
94018,Sara Sophia Hennell,George Eliot,6:92
94017,Sara Sophia Hennell,George Eliot,4:488
94016,Sara Sophia Hennell,George Eliot,4:138
94015,Sara Sophia Hennell,George Eliot,5:346
94014,Sara Sophia Hennell,George Eliot,3:364
94013,Sara Sophia Hennell,George Eliot,2:53
94012,Sara Sophia Hennell,George Eliot,4:180
94011,Sara Sophia Hennell,George Eliot,3:432
94010,Sara Sophia Hennell,George Eliot,5:131
94009,Sara Sophia Hennell,George Eliot,4:74
94008,Sara Sophia Hennell,George Eliot,5:327
94007,Sara Sophia Hennell,George Eliot,5:214
94006,Sara Sophia Hennell,George Eliot,3:428
94005,Sara Sophia Hennell,George Eliot,3:452
94004,Sara Sophia Hennell,George Eliot,5:121
94003,Sara Sophia Hennell,George Eliot,4:193
94002,Sara Sophia Hennell,George Eliot,5:97
94001,Sara Sophia Hennell,George Eliot,2:137
94000,Sara Sophia Hennell,George Eliot,4:108
93999,Sara Sophia Hennell,George Eliot,6:419
93998,Sara Sophia Hennell,George Eliot,5:67
93997,Sara Sophia Hennell,George Eliot,6:370
93996,Sara Sophia Hennell,George Eliot,5:226
93995,Sara Sophia Hennell,George Eliot,4:201
93994,Sara Sophia Hennell,George Eliot,4:48
93993,Sara Sophia Hennell,George Eliot,4:8
93992,Sara Sophia Hennell,George Eliot,3:358
93991,Sara Sophia Hennell,George Eliot,4:363
93990,Sara Sophia Hennell,George Eliot,5:102
93989,Sara Sophia Hennell,George Eliot,4:158
93988,Sara Sophia Hennell,George Eliot,3:404
93987,Sara Sophia Hennell,George Eliot,2:161
93986,Sara Sophia Hennell,George Eliot,3:437
93985,Sara Sophia Hennell,George Eliot,3:444
93984,Sara Sophia Hennell,George Eliot,4:88
93983,Sara Sophia Hennell,George Eliot,6:15
93982,Sara Sophia Hennell,George Eliot,4:296
93981,Sara Sophia Hennell,George Eliot,4:73
93980,Sara Sophia Hennell,George Eliot,4:51
93979,Sara Sophia Hennell,George Eliot,4:204
93978,Sara Sophia Hennell,George Eliot,2:147
93977,Sara Sophia Hennell,George Eliot,2:138
93976,Sara Sophia Hennell,George Eliot,2:124
93975,Sara Sophia Hennell,George Eliot,4:11
93974,Sara Sophia Hennell,George Eliot,4:205
93973,Sara Sophia Hennell,George Eliot,2:153
93972,Sara Sophia Hennell,George Eliot,4:135
93971,Sara Sophia Hennell,George Eliot,2:147
93970,Sara Sophia Hennell,George Eliot,2:8
93969,Sara Sophia Hennell,George Eliot,2:53
93968,Sara Sophia Hennell,George Eliot,2:159
93967,Sara Sophia Hennell,George Eliot,2:148
93966,Sara Sophia Hennell,George Eliot,3:361
93965,Sara Sophia Hennell,George Eliot,2:153
93964,Sara Sophia Hennell,George Eliot,2:143
93963,Sara Sophia Hennell,George Eliot,4:359
93962,Sara Sophia Hennell,George Eliot,2:142
93961,Sara Sophia Hennell,George Eliot,3:354
93960,Sara Sophia Hennell,George Eliot,2:152
93959,Sara Sophia Hennell,George Eliot,2:127
93958,Sara Sophia Hennell,George Eliot,4:155
93957,Sara Sophia Hennell,George Eliot,2:105
93956,Sara Sophia Hennell,George Eliot,7:81
93955,Sara Sophia Hennell,George Eliot,4:103
93954,Sara Sophia Hennell,George Eliot,2:120
93953,Sara Sophia Hennell,George Eliot,2:4
93952,Sara Sophia Hennell,George Eliot,2:151
93951,Sara Sophia Hennell,George Eliot,3:381
93950,Sara Sophia Hennell,George Eliot,4:164
93949,Sara Sophia Hennell,George Eliot,1:341 - 378
93948,Sara Sophia Hennell,George Eliot,8:355
93947,Sara Sophia Hennell,George Eliot,4:204
93946,Sara Sophia Hennell,George Eliot,2:125
93945,Sara Sophia Hennell,George Eliot,2:154
93944,Sara Sophia Hennell,George Eliot,4:203
93943,Sara Sophia Hennell,George Eliot,4:205
93942,Sara Sophia Hennell,George Eliot,3:372
93941,Sara Sophia Hennell,George Eliot,5:95
93940,Sara Sophia Hennell,George Eliot,5:13
93939,SARA SOPHIA HENNELL,George Eliot,1:341 - 378
93938,Sara Sophia Hennell,George Eliot,4:390
93937,Sara Sophia Hennell,George Eliot,4:21
93936,Sara Sophia Hennell,George Eliot,4:232
93935,Sara Sophia Hennell,George Eliot,4:91
93934,Sara Sophia Hennell,George Eliot,2:142
93933,Sara Sophia Hennell,George Eliot,2:164
93932,Sara Sophia Hennell,George Eliot,2:118
93931,Sara Sophia Hennell,George Eliot,4:57
93930,Sara Sophia Hennell,George Eliot,5:111
93929,Sara Sophia Hennell,George Eliot,4:162
93928,Sara Sophia Hennell,George Eliot,1:289 - 338
93927,Sara Sophia Hennell,George Eliot,2:329
93926,Sara Sophia Hennell,George Eliot,2:364
93925,Sara Sophia Hennell,George Eliot,1:289 - 338
93924,Sara Sophia Hennell,George Eliot,1:89 - 168
93923,Sara Sophia Hennell,George Eliot,1:171 - 219
93922,Sara Sophia Hennell,George Eliot,1:89 - 168
93921,Sara Sophia Hennell,George Eliot,1:89 - 168
93920,Sara Sophia Hennell,George Eliot,1:223 - 285
93919,Sara Sophia Hennell,George Eliot,1:171 - 219
93918,Sara Sophia Hennell,George Eliot,1:171 - 219
93917,Sara Sophia Hennell,George Eliot,1:89 - 168
93916,Sara Sophia Hennell,George Eliot,1:223 - 285
93915,Sara Sophia Hennell,George Eliot,1:89 - 168
93914,Sara Sophia Hennell,George Eliot,1:171 - 219
93913,Sara Sophia Hennell,George Eliot,1:223 - 285
93912,Sara Sophia Hennell,George Eliot,1:223 - 285
93911,Sara Sophia Hennell,George Eliot,1:171 - 219
93910,Sara Sophia Hennell,George Eliot,1:171 - 219
93909,Sara Sophia Hennell,George Eliot,1:171 - 219
93908,Sara Sophia Hennell,George Eliot,1:171 - 219
93907,Sara Sophia Hennell,George Eliot,1:171 - 219
93906,Sara Sophia Hennell,George Eliot,1:223 - 285
93905,Sara Sophia Hennell,George Eliot,1:171 - 219
93904,Sara Sophia Hennell,George Eliot,1:223 - 285
93903,Sara Sophia Hennell,George Eliot,1:223 - 285
93902,Sara Sophia Hennell,George Eliot,1:223 - 285
93901,Sara Sophia Hennell,George Eliot,1:171 - 219
93900,Sara Sophia Hennell,George Eliot,1:223 - 285
93899,Sara Sophia Hennell,George Eliot,1:223 - 285
93898,Sara Sophia Hennell,George Eliot,1:89 - 168
93897,Sara Sophia Hennell,George Eliot,1:171 - 219
93896,Sara Sophia Hennell,George Eliot,1:223 - 285
93895,Sara Sophia Hennell,George Eliot,1:223 - 285
93894,Sara Sophia Hennell,George Eliot,1:223 - 285
93893,Sara Sophia Hennell,George Eliot,1:223 - 285
93892,Sara Sophia Hennell,George Eliot,2:61
93891,Sara Sophia Hennell,George Eliot,2:212
93890,Sara Sophia Hennell,George Eliot,2:204
93889,Sara Sophia Hennell,George Eliot,2:211
93888,Sara Sophia Hennell,George Eliot,2:471
93887,Sara Sophia Hennell,George Eliot,2:193
93886,Sara Sophia Hennell,George Eliot,4:25
93885,Sara Sophia Hennell,George Eliot,4:28
93884,Sara Sophia Hennell,George Eliot,3:141
93883,Sara Sophia Hennell,George Eliot,2:45
93882,Sara Sophia Hennell,George Eliot,1:341 - 378
93881,Sara Sophia Hennell,George Eliot,2:191
93880,Sara Sophia Hennell,George Eliot,1:89 - 168
93879,Sara Sophia Hennell,George Eliot,3:68
93878,Sara Sophia Hennell,George Eliot,3:48
93877,Sara Sophia Hennell,George Eliot,3:328
93876,Sara Sophia Hennell,George Eliot,3:336
93875,Sara Sophia Hennell,George Eliot,3:100
93874,Sara Sophia Hennell,George Eliot,3:90
93873,Sara Sophia Hennell,George Eliot,3:38
93872,Sara Sophia Hennell,George Eliot,3:52
93871,Sara Sophia Hennell,George Eliot,2:273
93870,Sara Sophia Hennell,George Eliot,2:400
93869,Sara Sophia Hennell,George Eliot,2:262
93868,Sara Sophia Hennell,George Eliot,2:287
93867,Sara Sophia Hennell,George Eliot,5:274
93866,Sara Sophia Hennell,George Eliot,5:295
93865,Sara Sophia Hennell,George Eliot,2:57
93864,Sara Sophia Hennell,George Eliot,2:33
93863,Sara Sophia Hennell,George Eliot,2:95
93862,Sara Sophia Hennell,George Eliot,2:79
93861,Sara Sophia Hennell,George Eliot,2:39
93860,Sara Sophia Hennell,George Eliot,2:102
93859,Sara Sophia Hennell,George Eliot,2:94
93858,Sara Sophia Hennell,George Eliot,2:106
93857,Sara Sophia Hennell,George Eliot,2:57
93856,Sara Sophia Hennell,George Eliot,2:38
93855,Sara Sophia Hennell,George Eliot,1:341 - 378
93854,Sara Sophia Hennell,George Eliot,2:69
93853,Sara Sophia Hennell,George Eliot,2:19
93852,Sara Sophia Hennell,George Eliot,2:27
93851,Sara Sophia Hennell,George Eliot,2:80
93850,Sara Sophia Hennell,George Eliot,2:341
93849,Sara Sophia Hennell,George Eliot,1:289 - 338
93848,Sara Sophia Hennell,George Eliot,1:171 - 219
93847,Sara Sophia Hennell,George Eliot,1:171 - 219
93846,Sara Sophia Hennell,George Eliot,1:171 - 219
93845,Sara Sophia Hennell,George Eliot,1:223 - 285
93844,Sara Sophia Hennell,George Eliot,1:171 - 219
93843,Sara Sophia Hennell,George Eliot,1:171 - 219
93842,Sara Sophia Hennell,George Eliot,1:171 - 219
93841,Sara Sophia Hennell,George Eliot,1:171 - 219
93840,Sara Sophia Hennell,George Eliot,1:171 - 219
93839,Sara Sophia Hennell,George Eliot,1:171 - 219
93838,Sara Sophia Hennell,George Eliot,1:223 - 285
93837,Sara Sophia Hennell,George Eliot,1:223 - 285
93836,Sara Sophia Hennell,George Eliot,1:223 - 285
93835,Sara Sophia Hennell,George Eliot,1:171 - 219
93834,Sara Sophia Hennell,George Eliot,1:171 - 219
93833,Sara Sophia Hennell,George Eliot,1:171 - 219
93832,Sara Sophia Hennell,George Eliot,1:171 - 219
93831,Sara Sophia Hennell,George Eliot,1:171 - 219
93830,Sara Sophia Hennell,George Eliot,1:171 - 219
93829,Sara Sophia Hennell,George Eliot,1:171 - 219
93828,Sara Sophia Hennell,George Eliot,1:171 - 219
93827,Sara Sophia Hennell,George Eliot,1:223 - 285
93826,Sara Sophia Hennell,George Eliot,1:223 - 285
93825,Sara Sophia Hennell,George Eliot,1:223 - 285
93824,Sara Sophia Hennell,George Eliot,1:223 - 285
93823,Sara Sophia Hennell,George Eliot,1:171 - 219
93822,Sara Sophia Hennell,George Eliot,1:223 - 285
93821,Sara Sophia Hennell,George Eliot,1:171 - 219
93820,Sara Sophia Hennell,George Eliot,1:223 - 285
93819,Sara Sophia Hennell,George Eliot,1:223 - 285
93818,Sara Sophia Hennell,George Eliot,1:171 - 219
93817,Sara Sophia Hennell,George Eliot,1:171 - 219
93816,Sara Sophia Hennell,George Eliot,1:223 - 285
93815,Sara Sophia Hennell,George Eliot,1:223 - 285
93814,Sara Sophia Hennell,George Eliot,1:223 - 285
93813,Sara Sophia Hennell,George Eliot,1:223 - 285
93812,Sara Sophia Hennell,George Eliot,1:171 - 219
93811,Sara Sophia Hennell,George Eliot,1:89 - 168
93810,Sara Sophia Hennell,George Eliot,1:171 - 219
93809,Sara Sophia Hennell,George Eliot,1:171 - 219
93808,Sara Sophia Hennel,George Eliot,1:171 - 219
93807,Sara Sophia Hennell,George Eliot,1:223 - 285
93806,Sara Sophia Hennell,George Eliot,1:171 - 219
93805,Sara Sophia Hennell,George Eliot,1:89 - 168
93804,Sara Sophia Hennell,George Eliot,1:223 - 285
93803,Sara Sophia Hennell,George Eliot,1:223 - 285
93802,Sara Sophia Hennell,George Eliot,1:171 - 219
93801,Sara Sophia Hennell,George Eliot,1:171 - 219
93800,Sara Sophia Hennell,George Eliot,1:171 - 219
93799,Sara Sophia Hennell,George Eliot,2:60
93798,Sara Sophia Hennell,George Eliot,2:203
93797,Sara Sophia Hennell,George Eliot,2:212
93796,Sara Sophia Hennell,George Eliot,2:216
93795,Sara Sophia Hennell,George Eliot,1:289 - 338
93794,Sara Sophia Hennell,George Eliot,2:188
93793,Sara Sophia Hennell and Caroline [Mrs. Charles] Bray,George Eliot,3:456
93792,Samuel Lucas,George Eliot,3:45
93791,Samuel Laurence,George Eliot,3:401
93790,Samuel Evans,George Eliot,1:3-86
93789,Samuel Evans,George Eliot,1:3-86
93788,Samuel Evans,George Eliot,1:89 - 168
93787,Roland Stuart,George Eliot,6:70
93786,Robert Ripley,George Eliot,9:300
93785,Robert Lyt,George Eliot,8:487
93784,Robert Evans,George Eliot,4:140
93783,Robert Evans,George Eliot,9:134
93782,Robert Evans,George Eliot,4:130
93781,Robert Evans,George Eliot,4:299
93780,Robert Evans,George Eliot,4:306
93779,Robert Evans,George Eliot,1:89 - 168
93778,Robert Evans,George Eliot,6:63
93777,Robert Browning,George Eliot,5:41
93776,Robert Browning,George Eliot,7:102
93775,Robert Browning,George Eliot,6:18
93774,Richard Owen,George Eliot,3:373
93773,Richard James Cross,George Eliot,7:291
93772,Richard Holt Hut,George Eliot,4:96
93771,Phoebe Sarah Marks,George Eliot,7:36
93770,Phoebe Sarah Marks,George Eliot,6:170
93769,Phoebe Sarah Marks,George Eliot,6:438
93768,Oscar Browning,George Eliot,5:92
93767,Oscar Browning,George Eliot,5:76
93766,Oscar Browning,George Eliot,8:461
93765,Oscar Browning,George Eliot,5:268
93764,Oscar Browning,George Eliot,9:193
93763,Oscar Browning,George Eliot,4:376
93762,Oscar Browning,George Eliot,4:368
93761,Oscar Browning,George Eliot,8:460
93760,Oscar Browning,George Eliot,5:5
93759,Oscar Browning,George Eliot,5:270
93758,Oscar Browning,George Eliot,6:126
93757,Oscar Browning,George Eliot,5:376
93756,Oscar Browning,George Eliot,5:118
93755,Oscar Browning,George Eliot,9:82
93754,Oscar Browning,George Eliot,5:59
93753,Oscar Browning,George Eliot,9:187
93752,Oscar Browning,George Eliot,5:65
93751,Oscar Browning,George Eliot,4:386
93750,Octavia Hill,George Eliot,5:336
93749,Nikolaus Tr'fcbner,George Eliot,9:193
93748,Nikolaus Tr'fcbner,George Eliot,9:31
93747,Nikolaus Tr'fcbner,George Eliot,8:341
93746,Nicholas Tr'fcbner,George Eliot,7:160
93745,Nicholas Tr'fcbner,George Eliot,7:188
93744,Nicholas Tr'fcbner,George Eliot,7:166
93743,Nicholas Tr'fcbner,George Eliot,7:223
93742,Mrs. William Smith,George Eliot,5:405
93741,Mrs. William Smith,George Eliot,5:345
93740,Mrs. William Smith,George Eliot,6:296
93739,Mrs. William Smith,George Eliot,6:17
93738,Mrs. William Smith,George Eliot,6:141
93737,Mrs. William Smith,George Eliot,5:322
93736,Mrs. William Smith,George Eliot,5:381
93735,Mrs. William Smith,George Eliot,6:64
93734,Mrs. William Henry Smith,George Eliot,9:117
93733,Mrs. William Henry Brookfield,George Eliot,4:408
93732,Mrs. William Griffiths,George Eliot,6:45
93731,Mrs. William Gaskell,George Eliot,3:198
93730,Mrs. William Cross,George Eliot,6:170
93729,Mrs. William Cross,George Eliot,5:301
93728,Mrs. William Cross,George Eliot,5:468
93727,Mrs. William Cross,George Eliot,5:362
93726,Mrs. William Cross,George Eliot,6:346
93725,Mrs. William Cross,George Eliot,9:124
93724,Mrs. William Cross,George Eliot,5:137
93723,Mrs. William Cross,George Eliot,6:29
93722,Mrs. William Cross,George Eliot,9:68
93721,Mrs. William Cross,George Eliot,5:333
93720,Mrs. William Cross,George Eliot,6:50
93719,Mrs. William Cross,George Eliot,5:311
93718,Mrs. William Cross,George Eliot,6:62
93717,Mrs. William Cross,George Eliot,6:55
93716,Mrs. William Cross,George Eliot,5:317
93715,Mrs. William Cross,George Eliot,5:433
93714,Mrs. William Cross,George Eliot,5:435
93713,Mrs. William Cross,George Eliot,5:444
93712,Mrs. William Augustus Tollemache,George Eliot,5:273
93711,Mrs. William Augusts Tollemache,George Eliot,7:74
93710,Mrs. William Allingham,George Eliot,9:186
93709,Mrs. Wathen Mark Wilks Call,George Eliot,2:475
93708,Mrs. Wathen Mark Wilks Call,George Eliot,4:268
93707,Mrs. Wathen Mark Wilks Call,George Eliot,8:431
93706,Mrs. Thomas Adolphus Trollope,George Eliot,4:149
93705,Mrs. Thomas Adolphus Trollope,George Eliot,5:21
93704,Mrs. Thomas Adolphus Trollope,George Eliot,5:26
93703,Mrs. Thomas Adolphus Trollope,George Eliot,3:435
93702,Mrs. Thomas Adolphus Trollope,George Eliot,7:235
93701,Mrs. Thomas Adolphus Trollope,George Eliot,7:231
93700,Mrs. Thomas Adolphus Trollope,George Eliot,7:230
93699,Theodosia [Mrs. Thomas Adolphus] Trollope,George Eliot,3:471
93698,Mrs. Thomas A. Trollope,George Eliot,9:237
93697,Mrs. Theodore Martin,George Eliot,9:125
93696,Mrs. Theodore Martin,George Eliot,8:404
93695,Mrs. Theodore Martin,George Eliot,4:181
93694,Mrs. Theodore Martin,George Eliot,6:25
93693,Elizabeth [Mrs. Samuel] Evans,George Eliot,1:3-86
93692,Mrs. Samuel Evans,George Eliot,1:3-86
93691,Mrs. Robert Hamil,George Eliot,9:105
93690,Mrs. Robert Evans,George Eliot,7:105
93689,Mrs. Robert Evans,George Eliot,4:133
93688,Mrs. Richmond T. W. Ritchie,George Eliot,6:402
93687,Mrs. Richard Strachey,George Eliot,9:315
93686,Mrs. Richard Strachey,George Eliot,9:301
93685,Mrs. Richard Strachey,George Eliot,9:278
93684,Mrs. Richard Strachey,George Eliot,7:349
93683,Mrs. Richard Strachey,George Eliot,9:320
93682,Mrs. Richard Strachey,George Eliot,9:172
93681,Mrs. Richard Greville,George Eliot,9:238
93680,Maria [Mrs. Richard] Congreve,George Eliot,7:331
93679,Mrs. Richard Congreve,George Eliot,3:79
93678,Maria [Mrs. Richard] Congreve,George Eliot,3:112
93677,Maria [Mrs. Richard] Congreve,George Eliot,3:62
93676,Maria [Mrs. Richard] Congreve,George Eliot,3:101
93675,Maria [Mrs. Richard] Congreve,George Eliot,7:295
93674,Maria [Mrs. Richard] Congreve,George Eliot,4:227
93673,Maria [Mrs. Richard] Congreve,George Eliot,4:429
93672,Maria [Mrs. Richard] Congreve,George Eliot,5:177
93671,Maria [Mrs. Richard] Congreve,George Eliot,5:163
93670,Maria [Mrs. Richard] Congreve,George Eliot,4:278
93669,Maria [Mrs. Richard] Congreve,George Eliot,3:286
93668,Maria [Mrs. Richard] Congreve,George Eliot,5:288
93667,Maria [Mrs. Richard] Congreve,George Eliot,5:291
93666,Maria [Mrs. Richard] Congreve,George Eliot,5:25
93665,Maria [Mrs. Richard] Congreve,George Eliot,3:292
93664,Maria [Mrs. Richard] Congreve,George Eliot,4:415
93663,Maria [Mrs. Richard] Congreve,George Eliot,4:137
93662,Maria [Mrs. Richard] Congreve,George Eliot,4:5
93661,Maria [Mrs. Richard] Congreve,George Eliot,3:363
93660,Maria [Mrs. Richard] Congreve,George Eliot,3:376
93659,Maria [Mrs. Richard] Congreve,George Eliot,7:344
93658,Maria [Mrs. Richard] Congreve,George Eliot,4:200
93657,Maria [Mrs. Richard] Congreve,George Eliot,7:270
93656,Maria [Mrs. Richard] Congreve,George Eliot,4:270
93655,Maria [Mrs. Richard] Congreve,George Eliot,4:209
93654,Maria [Mrs. Richard] Congreve,George Eliot,5:75
93653,Maria [Mrs. Richard] Congreve,George Eliot,4:482
93652,Maria [Mrs. Richard] Congreve,George Eliot,4:413
93651,Maria [Mrs. Richard] Congreve,George Eliot,4:173
93650,Maria [Mrs. Richard] Congreve,George Eliot,4:293
93649,Maria [Mrs. Richard] Congreve,George Eliot,4:498
93648,Maria [Mrs. Richard] Congreve,George Eliot,4:115
93647,Maria [Mrs. Richard] Congreve,George Eliot,4:378
93646,Maria [Mrs. Richard] Congreve,George Eliot,4:482
93645,Maria [Mrs. Richard] Congreve,George Eliot,4:176
93644,Maria [Mrs. Richard] Congreve,George Eliot,4:179
93643,Maria [Mrs. Richard] Congreve,George Eliot,5:40
93642,Maria [Mrs. Richard] Congreve,George Eliot,5:412
93641,Maria [Mrs. Richard] Congreve,George Eliot,4:171
93640,Maria [Mrs. Richard] Congreve,George Eliot,3:460
93639,Maria [Mrs. Richard] Congreve,George Eliot,4:16
93638,Maria [Mrs. Richard] Congreve,George Eliot,5:238
93637,Maria [Mrs. Richard] Congreve,George Eliot,4:410
93636,Maria [Mrs. Richard] Congreve,George Eliot,4:324
93635,Maria [Mrs. Richard] Congreve,George Eliot,4:191
93634,Maria [Mrs. Richard] Congreve,George Eliot,4:474
93633,Maria [Mrs. Richard] Congreve,George Eliot,4:60
93632,Maria [Mrs. Richard] Congreve,George Eliot,5:124
93631,Maria [Mrs. Richard] Congreve,George Eliot,3:353
93630,Maria [Mrs. Richard] Congreve,George Eliot,4:127
93629,Maria [Mrs. Richard] Congreve,George Eliot,4:178
93628,Maria [Mrs. Richard] Congreve,George Eliot,3:440
93627,Maria [Mrs. Richard] Congreve,George Eliot,4:83
93626,Maria [Mrs. Richard] Congreve,George Eliot,4:430
93625,Maria [Mrs. Richard] Congreve,George Eliot,3:353
93624,Maria [Mrs. Richard] Congreve,George Eliot,4:182
93623,Maria [Mrs. Richard] Congreve,George Eliot,3:379
93622,Maria [Mrs. Richard] Congreve,George Eliot,4:496
93621,Maria [Mrs. Richard] Congreve,George Eliot,5:401
93620,Maria [Mrs. Richard] Congreve,George Eliot,4:486
93619,Maria [Mrs. Richard] Congreve,George Eliot,5:342
93618,Maria [Mrs. Richard] Congreve,George Eliot,4:191
93617,Maria [Mrs. Richard] Congreve,George Eliot,4:191
93616,Maria [Mrs. Richard] Congreve,George Eliot,5:50
93615,Maria [Mrs. Richard] Congreve,George Eliot,4:199
93614,Maria [Mrs. Richard] Congreve,George Eliot,4:111
93613,Maria [Mrs. Richard] Congreve,George Eliot,4:160
93612,Maria [Mrs. Richard] Congreve,George Eliot,4:166
93611,Maria [Mrs. Richard] Congreve,George Eliot,4:423
93610,Maria [Mrs. Richard] Congreve,George Eliot,4:166
93609,Maria [Mrs. Richard] Congreve,George Eliot,5:425
93608,Maria [Mrs. Richard] Congreve,George Eliot,4:332
93607,Maria [Mrs. Richard] Congreve,George Eliot,4:349
93606,Maria [Mrs. Richard] Congreve,George Eliot,5:86
93605,Mrs. Peter Taylor,George Eliot,4:366
93604,Mrs. Peter Alfred Taylor,George Eliot,7:330
93603,Mrs. Peter Alfred Taylor,George Eliot,7:308
93602,Mrs. Peter Alfred Taylor,George Eliot,7:195
93601,Mrs. Peter Alfred Taylor,George Eliot,7:44
93600,Mrs. Peter Alfred Taylor,George Eliot,7:201
93599,Mrs. Peter Alfred Taylor,George Eliot,5:150
93598,Mrs. Peter Alfred Taylor,George Eliot,5:172
93597,Mrs. Peter Alfred Taylor,George Eliot,6:160
93596,Mrs. Peter Alfred Taylor,George Eliot,2:13
93595,Mrs. Peter Alfred Taylor,George Eliot,7:228
93594,Mrs. Peter Alfred Taylor,George Eliot,3:397
93593,Mrs. Peter Alfred Taylor,George Eliot,7:241
93592,Mrs. Peter Alfred Taylor,George Eliot,3:475
93591,Mrs. Peter Alfred Taylor,George Eliot,4:94
93590,Mrs. Peter Alfred Taylor,George Eliot,4:134
93589,Mrs. Peter Alfred Taylor,George Eliot,4:10
93588,Mrs. Peter Alfred Taylor,George Eliot,5:474
93587,Mrs. Peter Alfred Taylor,George Eliot,4:126
93586,Mrs. Peter Alfred Taylor,George Eliot,2:14
93585,Mrs. Peter Alfred Taylor,George Eliot,4:70
93584,Mrs. Peter Alfred Taylor,George Eliot,9:52
93583,Mrs. Peter Alfred Taylor,George Eliot,4:128
93582,Mrs. Peter Alfred Taylor,George Eliot,6:179
93581,Mrs. Peter Alfred Taylor,George Eliot,5:328
93580,Mrs. Peter Alfred Taylor,George Eliot,5:258
93579,Mrs. Peter Alfred Taylor,George Eliot,6:119
93578,Mrs. Peter Alfred Taylor,George Eliot,6:142
93577,Mrs. Peter Alfred Taylor,George Eliot,6:417
93576,Mrs. Peter Alfred Taylor,George Eliot,6:369
93575,Mrs. Peter Alfred Taylor,George Eliot,4:196
93574,Mrs. Peter Alfred Taylor,George Eliot,2:85
93573,Clementia [Mrs. Peter Alfred] Taylor,George Eliot,4:199
93572,Mrs. Peter Alfred Taylor,George Eliot,3:395
93571,Mrs. Peter Alfred Taylor,George Eliot,2:254
93570,Mrs. Peter Alfred Taylor,George Eliot,6:65
93569,Clementia [Mrs. Peter Alfred] Taylor,George Eliot,2:52
93568,Mrs. Peter Alfred Taylor,George Eliot,5:446
93567,Mrs. Nassau John Senior,George Eliot,5:285
93566,Mrs. Nassau John Senior,George Eliot,6:269
93565,Mrs. Nassau John Senior,George Eliot,5:55
93564,Mrs. Nassau John Senior,George Eliot,5:372
93563,Mrs. Nassau John Senior,George Eliot,4:422
93562,Mrs. Nassau John Senior,George Eliot,5:82
93561,Mrs. Nassau John Senior,George Eliot,4:317
93560,Mrs. Nassau John Senior,George Eliot,6:46
93559,Mrs. Nassau John Senior,George Eliot,4:365
93558,Mrs. Mark Pattison,George Eliot,7:154
93557,Mrs. Mark Pattison,George Eliot,5:151
93556,Mrs. Mark Pattison,George Eliot,6:156
93555,Mrs. Mark Pattison,George Eliot,5:92
93554,Mrs. Mark Pattison,George Eliot,5:304
93553,Mrs. Mark Pattison,George Eliot,5:246
93552,Mrs. Mark Pattison,George Eliot,5:408
93551,Mrs. Mark Pattison,George Eliot,6:228
93550,Mrs. Mark Pattison,George Eliot,6:107
93549,Mrs. Mark Pattison,George Eliot,5:74
93548,Mrs. Mark Pattison,George Eliot,6:377
93547,Mrs. Mark Pattison,George Eliot,8:457
93546,Mrs. Mark Pattison,George Eliot,5:141
93545,Mrs. Mark Pattison,George Eliot,5:98
93544,Mrs. Mark Pattison,George Eliot,5:38
93543,Mrs. Mark Pattison,George Eliot,5:215
93542,Mrs. Mark Pattison,George Eliot,5:371
93541,Mrs. Mark Pattison,George Eliot,5:77
93540,Mrs. Mark Pattison,George Eliot,7:104
93539,Mrs. Mark Pattison,George Eliot,9:91
93538,Mrs. Mark Pattison,George Eliot,6:342
93537,Mrs. Mark Pattison,George Eliot,6:176
93536,Mrs. Mark Pattison,George Eliot,6:12
93535,Mrs. Mark Pattison,George Eliot,5:460
93534,Mrs. Mark Pattison,George Eliot,5:343
93533,Mrs. Mark Pattison,George Eliot,5:116
93532,Mrs. Mark Pattison,George Eliot,5:120
93531,Mrs. Mark Pattison,George Eliot,5:95
93530,Mrs. Mark Pattison,George Eliot,5:52
93529,Mrs. Mark Pattison,George Eliot,6:97
93528,Mrs. Mark Pattison,George Eliot,5:65
93527,Mrs. Mark Pattison,George Eliot,6:66
93526,Mrs. Lydia Maria Child,George Eliot,7:122
93525,Mrs. Louise Chandler Moul,George Eliot,7:13
93524,Mrs. Lionel Tennyson,George Eliot,7:345
93523,Mrs. Leslie Stephen,George Eliot,5:468
93522,Mrs. Lawrence Ruck,George Eliot,9:171
93521,Mrs. Julia Margaret Cameron,George Eliot,5:133
93520,Louisa [Mrs. John] Sibree,George Eliot,8:12
93519,Mrs. John Chapman,George Eliot,4:486
93518,Mrs. John Cash,George Eliot,4:437
93517,Mrs. John Cash,George Eliot,8:467
93516,Mrs. John Cash,George Eliot,5:385
93515,Mrs. John Cash,George Eliot,4:108
93514,Mrs. John Cash,George Eliot,6:361
93513,Mrs. John Cash,George Eliot,9:77
93512,Mrs. John Cash,George Eliot,2:343
93511,Annie [Mrs. James T.] Fields,George Eliot,7:102
93510,Mrs. James T. Fields,George Eliot,5:270
93509,Annie [Mrs. James T.] Fields,George Eliot,6:53
93508,Mrs. Isaac Pearson Evans,George Eliot,7:105
93507,Mrs. Henry Merritt,George Eliot,7:207
93506,Mrs. Henry Joachim,George Eliot,6:251
93505,Fanny [Mrs. Henry] Houghton,George Eliot,1:289 - 338
93504,Mrs. Henry Hough,George Eliot,2:124
93503,Fanny [Mrs. Henry] Houghton,George Eliot,2:148
93502,Fanny [Mrs. Henry] Houghton,George Eliot,8:62
93501,Fanny [Mrs. Henry] Houghton,George Eliot,2:134
93500,Fanny [Mrs. Henry] Houghton,George Eliot,1:289 - 338
93499,Fanny [Mrs. Henry] Houghton,George Eliot,2:333
93498,Fanny [Mrs. Henry] Houghton,George Eliot,2:336
93497,Fanny [Mrs. Henry] Houghton,George Eliot,1:289 - 338
93496,Fanny [Mrs. Henry] Houghton,George Eliot,1:289 - 338
93495,Fanny [Mrs. Henry] Houghton,George Eliot,1:289 - 338
93494,Fanny [Mrs. Henry] Houghton,George Eliot,8:18
93493,Fanny [Mrs. Henry] Houghton,George Eliot,1:289 - 338
93492,Fanny [Mrs. Henry] Houghton,George Eliot,1:223 - 285
93491,Fanny [Mrs. Henry] Houghton,George Eliot,8:16
93490,Fanny [Mrs. Henry] Houghton,George Eliot,1:223 - 285
93489,Fanny [Mrs. Henry] Houghton,George Eliot,1:223 - 285
93488,Fanny [Mrs. Henry] Houghton,George Eliot,1:341 - 378
93487,Fanny [Mrs. Henry] Houghton,George Eliot,1:341 - 378
93486,Fanny [Mrs. Henry] Houghton,George Eliot,1:341 - 378
93485,Fanny [Mrs. Henry] Houghton,George Eliot,2:52
93484,Fanny [Mrs. Henry] Houghton,George Eliot,2:223
93483,Fanny [Mrs. Henry] Houghton,George Eliot,8:68
93482,Fanny [Mrs. Henry] Houghton,George Eliot,8:9
93481,Fanny [Mrs. Henry] Houghton,George Eliot,1:223 - 285
93480,Fanny [Mrs. Henry] Houghton,George Eliot,1:223 - 285
93479,Fanny [Mrs. Henry] Houghton,George Eliot,1:223 - 285
93478,Fanny [Mrs. Henry] Houghton,George Eliot,8:17
93477,Fanny [Mrs. Henry] Houghton,George Eliot,1:223 - 285
93476,Fanny [Mrs. Henry] Houghton,George Eliot,1:223 - 285
93475,Fanny [Mrs. Henry] Houghton,George Eliot,8:18
93474,Fanny [Mrs. Henry] Houghton,George Eliot,1:171 - 219
93473,Fanny [Mrs. Henry] Houghton,George Eliot,1:223 - 285
93472,Fanny [Mrs. Henry] Houghton,George Eliot,1:223 - 285
93471,Fanny [Mrs. Henry] Houghton,George Eliot,8:17
93470,Fanny [Mrs. Henry] Houghton,George Eliot,1:223 - 285
93469,Fanny [Mrs. Henry] Houghton,George Eliot,1:223 - 285
93468,Fanny [Mrs. Henry] Houghton,George Eliot,1:223 - 285
93467,Mrs. Henry Cromp,George Eliot,6:131
93466,Mrs. Harriet Beecher S,George Eliot,5:279
93465,Mrs. Harriet Beecher S,George Eliot,5:29
93464,Mrs. Harriet Beecher S,George Eliot,6:245
93463,Mrs. Harriet Beecher S,George Eliot,5:252
93462,Mrs. Harriet Beecher S,George Eliot,6:301
93461,Mrs. Harriet Beecher S,George Eliot,6:88
93460,Mrs. Harriet Beecher S,George Eliot,5:47
93459,Mrs. Harriet Beecher S,George Eliot,7:131
93458,Mrs. Harriet Beecher S,George Eliot,6:77
93457,Mrs. Harriet Beecher S,George Eliot,5:321
93456,Mrs. George Ot,George Eliot,9:185
93455,Mrs. George Joachim Goschen,George Eliot,7:28
93454,Mrs. Frederick Lehmann,George Eliot,9:173
93453,Mrs. Frederick Lehmann,George Eliot,4:148
93452,Mrs. Frederick Lehmann,George Eliot,8:405
93451,Mrs. Frederick Lehmann,George Eliot,4:368
93450,Mrs. Frederick Lehmann,George Eliot,6:360
93449,Mrs. Frederick Lehmann,George Eliot,4:340
93448,Mrs. Frederic Harrison,George Eliot,7:151
93447,Mrs. Frederic Harrison,George Eliot,5:263
93446,Mrs. Frederic Harrison,George Eliot,5:331
93445,Mrs. Frederic Harrison,George Eliot,5:341
93444,Mrs. Frank Rodbard Malleson,George Eliot,7:246
93443,Mrs. Frank Rodbard Malleson,George Eliot,4:125
93442,Mrs. Frank Rodbard Malleson,George Eliot,5:346
93441,Mrs. Frank Rodbard Malleson,George Eliot,8:460
93440,Mrs. Frank R. Malleson,George Eliot,8:328
93439,Mrs. Frank R. Malleson,George Eliot,8:314
93438,Mrs. Francis Otter,George Eliot,7:319
93437,Mrs. Ernst Leopold Benzon,George Eliot,6:194
93436,Mrs. Ernst Leopold Benzon,George Eliot,9:83
93435,Mrs. Ernst Leopold Benzon,George Eliot,6:189
93434,Mrs. Ernst Leopold Benzon,George Eliot,8:487
93433,Mrs. Elma Stuart,George Eliot,7:53
93432,Mrs. Elma Stuart,George Eliot,7:74
93431,Mrs. Elma Stuart,George Eliot,7:34
93430,Mrs. Elma Stuart,George Eliot,7:169
93429,Mrs. Elma Stuart,George Eliot,7:315
93428,Mrs. Elma Stuart,George Eliot,7:334
93427,Mrs. Elma Stuart,George Eliot,7:323
93426,Mrs. Elma Stuart,George Eliot,6:403
93425,Mrs. Elma Stuart,George Eliot,7:210
93424,Mrs. Elma Stuart,George Eliot,7:330
93423,Mrs. Elma Stuart,George Eliot,7:198
93422,Mrs. Elma Stuart,George Eliot,7:303
93421,Mrs. Elma Stuart,George Eliot,6:167
93420,Mrs. Elma Stuart,George Eliot,7:281
93419,Mrs. Elma Stuart,George Eliot,6:26
93418,Mrs. Elma Stuart,George Eliot,7:249
93417,Mrs. Elma Stuart,George Eliot,6:338
93416,Mrs. Elma Stuart,George Eliot,6:291
93415,Mrs. Elma Stuart,George Eliot,6:127
93414,Mrs. Elma Stuart,George Eliot,7:125
93413,Mrs. Elma Stuart,George Eliot,7:99
93412,Mrs. Elma Stuart,George Eliot,9:186
93411,Mrs. Elma Stuart,George Eliot,7:23
93410,Mrs. Elma Stuart,George Eliot,6:230
93409,Mrs. Elma Stuart,George Eliot,6:35
93408,Mrs. Elma Stuart,George Eliot,6:242
93407,Mrs. Elma Stuart,George Eliot,7:258
93406,Mrs. Elma Stuart,George Eliot,5:466
93405,Mrs. Elma Stuart,George Eliot,6:377
93404,Mrs. Elma Stuart,George Eliot,7:17
93403,Mrs. Elma Stuart,George Eliot,6:84
93402,Mrs. Elma Stuart,George Eliot,6:133
93401,Mrs. Elma Stuart,George Eliot,7:232
93400,Mrs. Elma Stuart,George Eliot,6:355
93399,Mrs. Elma Stuart,George Eliot,7:262
93398,Mrs. Elma Stuart,George Eliot,6:200
93397,Mrs. Elma Stuart,George Eliot,6:190
93396,Mrs. Elma Stuart,George Eliot,7:348
93395,Mrs. Elma Stuart,George Eliot,7:76
93394,Mrs. Elma Stuart,George Eliot,7:3
93393,Mrs. Elma Stuart,George Eliot,5:374
93392,Mrs. Elma Stuart,George Eliot,7:345
93391,Mrs. Elma Stuart,George Eliot,6:248
93390,Mrs. Elma Stuart,George Eliot,6:112
93389,Mrs. Elma Stuart,George Eliot,6:327
93388,Mrs. Elma Stuart,George Eliot,5:244
93387,Mrs. Elma Stuart,George Eliot,6:259
93386,Mrs. Elma Stuart,George Eliot,7:134
93385,Mrs. Elma Stuart,George Eliot,7:301
93384,Mrs. Elma Stuart,George Eliot,6:81
93383,Mrs. Elma Stuart,George Eliot,5:442
93382,Mrs. Elma Stuart,George Eliot,5:437
93381,Mrs. Elma Stuart,George Eliot,6:399
93380,Mrs. Elizabeth Garrett Anderson,George Eliot,5:209
93379,Mrs. Elizabeth Garrett Anderson,George Eliot,5:389
93378,Mrs. Eliza Lynn Lin,George Eliot,4:326
93377,Mrs. Eliza Lynn Lin,George Eliot,4:319
93376,Mrs. Edwin Lankester,George Eliot,9:298
93375,Mrs. Edward Lewes,George Eliot,8:450
93374,Mrs. Edward Burne-Jones,George Eliot,7:320
93373,Mrs. Edward Burne-Jones,George Eliot,7:157
93372,Mrs. Edward Burne-Jones,George Eliot,7:174
93371,Mrs. Edward Burne-Jones,George Eliot,7:63
93370,Mrs. Edward Burne-Jones,George Eliot,7:184
93369,Mrs. Edward Burne-Jones,George Eliot,7:212
93368,Mrs. Edward Burne-Jones,George Eliot,7:336
93367,Mrs. Edward Burne-Jones,George Eliot,7:192
93366,Mrs. Edward Burne-Jones,George Eliot,7:223
93365,Mrs. Edward Burne-Jones,George Eliot,7:269
93364,Mrs. Edward Burne-Jones,George Eliot,7:100
93363,Mrs. Edward Burne-Jones,George Eliot,7:146
93362,Mrs. Edward Burne-Jones,George Eliot,6:430
93361,Mrs. Edward Burne-Jones,George Eliot,6:364
93360,Mrs. Edward Burne-Jones,George Eliot,7:17
93359,Mrs. Edward Burne-Jones,George Eliot,7:117
93358,Mrs. Edward Burne-Jones,George Eliot,7:245
93357,Mrs. Edward Burne-Jones,George Eliot,7:78
93356,Mrs. Edward Burne-Jones,George Eliot,5:101
93355,Mrs. Edward Burne-Jones,George Eliot,6:142
93354,Mrs. Edward Burne-Jones,George Eliot,5:103
93353,Mrs. Edward Burne-Jones,George Eliot,5:108
93352,Mrs. Edward Burne-Jones,George Eliot,6:72
93351,Mrs. Edward Burne-Jones,George Eliot,5:105
93350,Mrs. Edward Atkinson,George Eliot,6:413
93349,Mrs. Edward Atkinson,George Eliot,9:198
93348,Mrs. Edmund Evans,George Eliot,7:203
93347,Mrs. Dana Estes,George Eliot,6:51
93346,Mrs. Coleridge Kennard,George Eliot,9:132
93345,Mrs. Charles S. Peirce,George Eliot,8:383
93344,Mrs. Charles Meredith,George Eliot,7:75
93343,Mrs. Charles Lee Lewes,George Eliot,4:369
93342,Gertrude [Mrs. Charles Lee] Lewes,George Eliot,4:213
93341,Mrs. Charles Lee Lewes,George Eliot,4:234
93340,Gertrude [Mrs. Charles Lee]  Lewes,George Eliot,5:108
93339,Mrs. Charles Eliot Nor,George Eliot,5:5
93338,Caroline [Mrs. Charles] Bray,George Eliot,7:37
93337,Caroline [Mrs. Charles] Bray,George Eliot,7:340
93336,Caroline [Mrs. Charles] Bray,George Eliot,7:61
93335,Caroline [Mrs. Charles] Bray,George Eliot,7:40
93334,Caroline [Mrs. Charles] Bray,George Eliot,7:189
93333,Caroline [Mrs. Charles] Bray,George Eliot,3:29
93332,Caroline [Mrs. Charles] Bray,George Eliot,3:122
93331,Caroline [Mrs. Charles] Bray,George Eliot,3:22
93330,Caroline [Mrs. Charles] Bray,George Eliot,3:137
93329,Caroline [Mrs. Charles] Bray,George Eliot,3:19
93328,Caroline [Mrs. Charles] Bray,George Eliot,3:344
93327,Caroline [Mrs. Charles] Bray,George Eliot,3:37
93326,Caroline [Mrs. Charles] Bray,George Eliot,3:345
93325,Caroline [Mrs. Charles] Bray,George Eliot,3:32
93324,Caroline [Mrs. Charles] Bray,George Eliot,2:313
93323,Caroline [Mrs. Charles] Bray,George Eliot,2:111
93322,Caroline [Mrs. Charles] Bray,George Eliot,2:114
93321,Caroline [Mrs. Charles] Bray,George Eliot,5:173
93320,Caroline [Mrs. Charles] Bray,George Eliot,5:169
93319,Caroline [Mrs. Charles] Bray,George Eliot,2:500
93318,Caroline [Mrs. Charles] Bray,George Eliot,2:397
93317,Caroline [Mrs. Charles] Bray,George Eliot,1:289 - 338
93316,Caroline [Mrs. Charles] Bray,George Eliot,6:283
93315,Caroline [Mrs. Charles] Bray,George Eliot,3:436
93314,Caroline [Mrs. Charles] Bray,George Eliot,1:341 - 378
93313,Caroline [Mrs. Charles] Bray,George Eliot,4:438
93312,Caroline [Mrs. Charles] Bray,George Eliot,4:136
93311,Caroline [Mrs. Charles] Bray,George Eliot,7:29
93310,Caroline [Mrs. Charles] Bray,George Eliot,5:197
93309,Caroline [Mrs. Charles] Bray,George Eliot,4:356
93308,Caroline [Mrs. Charles] Bray,George Eliot,4:267
93307,Caroline [Mrs. Charles] Bray,George Eliot,4:120
93306,Caroline [Mrs. Charles] Bray,George Eliot,4:197
93305,Caroline [Mrs. Charles] Bray,George Eliot,4:490
93304,Caroline [Mrs. Charles] Bray,George Eliot,6:220
93303,Caroline [Mrs. Charles] Bray,George Eliot,5:138
93302,Caroline [Mrs. Charles] Bray,George Eliot,6:52
93301,Caroline [Mrs. Charles] Bray,George Eliot,8:276
93300,Caroline [Mrs. Charles] Bray,George Eliot,4:107
93299,Caroline [Mrs. Charles] Bray,George Eliot,1:341 - 378
93298,Caroline [Mrs. Charles] Bray,George Eliot,2:29
93297,Caroline [Mrs. Charles] Bray,George Eliot,5:136
93296,Caroline [Mrs. Charles] Bray,George Eliot,4:326
93295,Caroline [Mrs. Charles] Bray,George Eliot,4:124
93294,Caroline [Mrs. Charles] Bray,George Eliot,6:32
93293,Caroline [Mrs. Charles] Bray,George Eliot,4:355
93292,Caroline [Mrs. Charles] Bray,George Eliot,6:95
93291,Caroline [Mrs. Charles] Bray,George Eliot,6:425
93290,Caroline [Mrs. Charles] Bray,George Eliot,6:94
93289,Caroline [Mrs. Charles] Bray,George Eliot,5:54
93288,Caroline [Mrs. Charles] Bray,George Eliot,5:394
93287,Caroline [Mrs. Charles] Bray,George Eliot,5:50
93286,Caroline [Mrs. Charles] Bray,George Eliot,5:471
93285,Caroline [Mrs. Charles] Bray,George Eliot,6:319
93284,Caroline [Mrs. Charles] Bray,George Eliot,5:52
93283,Caroline [Mrs. Charles] Bray,George Eliot,5:60
93282,Caroline [Mrs. Charles] Bray,George Eliot,6:352
93281,Caroline [Mrs. Charles] Bray,George Eliot,5:389
93280,Caroline [Mrs. Charles] Bray,George Eliot,5:432
93279,Caroline [Mrs. Charles] Bray,George Eliot,4:148
93278,Caroline [Mrs. Charles] Bray,George Eliot,5:418
93277,Caroline [Mrs. Charles] Bray,George Eliot,2:129
93276,Caroline [Mrs. Charles] Bray,George Eliot,4:182
93275,Caroline [Mrs. Charles] Bray,George Eliot,6:18
93274,Caroline [Mrs. Charles] Bray,George Eliot,4:374
93273,Caroline [Mrs. Charles] Bray,George Eliot,5:266
93272,Caroline [Mrs. Charles] Bray,George Eliot,4:113
93271,Caroline [Mrs. Charles] Bray,George Eliot,6:118
93270,Caroline [Mrs. Charles] Bray,George Eliot,5:44
93269,Caroline [Mrs. Charles] Bray,George Eliot,4:7
93268,Caroline [Mrs. Charles] Bray,George Eliot,5:114
93267,Caroline [Mrs. Charles] Bray,George Eliot,4:33
93266,Caroline [Mrs. Charles] Bray,George Eliot,4:477
93265,Caroline [Mrs. Charles] Bray,George Eliot,5:46
93264,Caroline [Mrs. Charles] Bray,George Eliot,4:397
93263,Caroline [Mrs. Charles] Bray,George Eliot,4:207
93262,Caroline [Mrs. Charles] Bray,George Eliot,4:87
93261,Caroline [Mrs. Charles] Bray,George Eliot,7:123
93260,Caroline [Mrs. Charles] Bray,George Eliot,1:341 - 378
93259,Caroline [Mrs. Charles] Bray,George Eliot,8:458
93258,Caroline [Mrs. Charles] Bray,George Eliot,1:341 - 378
93257,Caroline [Mrs. Charles] Bray,George Eliot,2:160
93256,Caroline [Mrs. Charles] Bray,George Eliot,4:10
93255,Caroline [Mrs. Charles] Bray,George Eliot,5:383
93254,Caroline [Mrs. Charles] Bray,George Eliot,2:163
93253,Caroline [Mrs. Charles] Bray,George Eliot,2:135
93252,Caroline [Mrs. Charles] Bray,George Eliot,2:162
93251,Caroline [Mrs. Charles] Bray,George Eliot,4:194
93250,Caroline [Mrs. Charles] Bray,George Eliot,2:119
93249,Caroline [Mrs. Charles] Bray,George Eliot,1:341 - 378
93248,Caroline [Mrs. Charles] Bray,George Eliot,2:155
93247,Caroline [Mrs. Charles] Bray,George Eliot,2:150
93246,Caroline [Mrs. Charles] Bray,George Eliot,2:149
93245,Caroline [Mrs. Charles] Bray,George Eliot,2:25
93244,MRS. CHARLES BRAY,George Eliot,1:341 - 378
93243,Caroline [Mrs. Charles] Bray,George Eliot,2:3
93242,Caroline [Mrs. Charles] Bray,George Eliot,2:66
93241,Caroline [Mrs. Charles] Bray,George Eliot,4:32
93240,Caroline [Mrs. Charles] Bray,George Eliot,4:421
93239,Caroline [Mrs. Charles] Bray,George Eliot,2:338
93238,Caroline [Mrs. Charles] Bray,George Eliot,1:171 - 219
93237,Caroline [Mrs. Charles] Bray,George Eliot,2:213
93236,Caroline [Mrs. Charles] Bray,George Eliot,1:89 - 168
93235,Caroline [Mrs. Charles] Bray,George Eliot,1:89 - 168
93234,Caroline [Mrs. Charles] Bray,George Eliot,1:89 - 168
93233,Caroline [Mrs. Charles] Bray,George Eliot,1:89 - 168
93232,Caroline [Mrs. Charles] Bray,George Eliot,2:42
93231,Caroline [Mrs. Charles] Bray,George Eliot,5:443
93230,Caroline [Mrs. Charles] Bray,George Eliot,5:435
93229,Caroline [Mrs. Charles] Bray,George Eliot,3:170
93228,Caroline [Mrs. Charles] Bray,George Eliot,3:321
93227,Caroline [Mrs. Charles] Bray,George Eliot,8:199
93226,Caroline [Mrs. Charles] Bray,George Eliot,2:217
93225,Caroline [Mrs. Charles] Bray,George Eliot,2:443
93224,Caroline [Mrs. Charles] Bray,George Eliot,2:87
93223,Caroline [Mrs. Charles] Bray,George Eliot,2:10
93222,Caroline [Mrs. Charles] Bray,George Eliot,2:102
93221,Caroline [Mrs. Charles] Bray,George Eliot,2:16
93220,Caroline [Mrs. Charles] Bray,George Eliot,2:41
93219,Caroline [Mrs. Charles] Bray,George Eliot,1:341 - 378
93218,Caroline [Mrs. Charles] Bray,George Eliot,2:15
93217,Caroline [Mrs. Charles] Bray,George Eliot,2:12
93216,Caroline [Mrs. Charles] Bray,George Eliot,2:58
93215,Caroline [Mrs. Charles] Bray,George Eliot,2:41
93214,Caroline [Mrs. Charles] Bray,George Eliot,2:97
93213,Caroline [Mrs. Charles] Bray,George Eliot,2:55
93212,Caroline [Mrs. Charles] Bray,George Eliot,1:89 - 168
93211,Caroline [Mrs. Charles] Bray,George Eliot,1:89 - 168
93210,Caroline [Mrs. Charles] Bray,George Eliot,1:171 - 219
93209,Caroline [Mrs. Charles] Bray,George Eliot,1:89 - 168
93208,Caroline [Mrs. Charles] Bray,George Eliot,1:89 - 168
93207,Caroline [Mrs. Charles] Bray,George Eliot,1:89 - 168
93206,Caroline [Mrs. Charles] Bray,George Eliot,1:89 - 168
93205,Caroline [Mrs. Charles] Bray,George Eliot,1:171 - 219
93204,Caroline [Mrs. Charles] Bray,George Eliot,1:89 - 168
93203,Caroline [Mrs. Charles] Bray,George Eliot,2:51
93202,Caroline [Mrs. Charles] Bray and Sara Sophia Hennell,George Eliot,4:106
93201,Caroline [Mrs. Charles] Bray and Sara Sophia Hennell,George Eliot,2:103
93200,Mrs. C. T. Simpson,George Eliot,5:382
93199,Mrs. Brock,George Eliot,7:32
93198,Caroline [Mrs. Charles] Bray,George Eliot,2:103
93197,Mrs. Bell,George Eliot,3:303
93196,Mrs. Alfred Tennyson,George Eliot,9:316
93195,Mrs. Alexander Gilchrist,George Eliot,5:146
93194,Mrs. Alexander Gilchrist,George Eliot,5:159
93193,Mrs. Alexander Gilchrist,George Eliot,5:172
93192,Mrs. Alexander Gilchrist,George Eliot,5:140
93191,Mrs. Albert Druce,George Eliot,7:311
93190,Mrs. Albert Druce,George Eliot,7:339
93189,Mrs. Albert Druce,George Eliot,7:316
93188,Mrs. Abijah Hill Pears,George Eliot,1:89 - 168
93187,Mrs. Abijah Hill Pears,George Eliot,1:223 - 285
93186,Mrs. Abijah Hill Pears,George Eliot,1:89 - 168
93185,Mrs. [William Kingdon Clifford],George Eliot,7:123
93184,Mrs Peter Alfred Taylor,George Eliot,4:139
93183,Mr. and Mrs. Samuel Evans,George Eliot,1:3-86
93182,Mr. and Mrs. Samuel Evans,George Eliot,1:3-86
93181,Mr. and Mrs. Robert Lyt,George Eliot,9:44
93180,Mr. and Mrs. Frederic Harrison,George Eliot,7:129
93179,Mr. and Mrs. Charles Lee Lewes,George Eliot,7:302
93178,Mr. Charles Bray and Caroline [Mrs. Charles] Bray,George Eliot,1:223 - 285
93177,Mr. Charles Bray and Caroline 'Cara' [Mrs. Charles] Bray,George Eliot,1:223 - 285
93176,Mr. and Mrs. Charles Bray,George Eliot,2:74
93175,Mr. and Mrs. Charles Bray,George Eliot,2:23
93174,Mr. Charles Bray and Caroline [Mrs. Charles] Bray,George Eliot,1:341 - 378
93173,Mr. and Mrs. Charles Bray,George Eliot,2:69
93172,Mr. Charles Bray and Caroline [Mrs. Charles] Bray,George Eliot,1:289 - 338
93171,Mr. and Mrs. Charles Bray,George Eliot,2:84
93170,MR. AND MRS. CHARLES BRAY,George Eliot,1:341 - 378
93169,Mr. Charles Bray and Caroline [Mrs. Charles] Bray,George Eliot,2:20
93168,Mr. and Mrs. Charles Bray,George Eliot,2:20
93167,Mr. Charles Bray and Caroline [Mrs. Charles] Bray,George Eliot,1:341 - 378
93166,Mr. Charles Bray and Caroline [Mrs. Charles] Bray,George Eliot,2:68
93165,Mr. and Mrs. Charles Bray,George Eliot,2:116
93164,Mr. Charles Bray and Caroline [Mrs. Charles] Bray,George Eliot,1:341 - 378
93163,Mr. Charles Bray and Caroline [Mrs. Charles] Bray,George Eliot,1:289 - 338
93162,Mr. Charles Bray and Caroline [Mrs. Charles] Bray,George Eliot,1:289 - 338
93161,Mr. Charles Bray and Caroline [Mrs. Charles] Bray,George Eliot,1:289 - 338
93160,Mr. Charles Bray and Caroline [Mrs. Charles] Bray,George Eliot,1:289 - 338
93159,Mr. Charles Bray and Caroline [Mrs. Charles] Bray,George Eliot,1:289 - 338
93158,Mr. Charles Bray and Caroline [Mrs. Charles] Bray,George Eliot,1:289 - 338
93157,Mr. Charles Bray and Caroline [Mrs. Charles] Bray,George Eliot,1:289 - 338
93156,Mr. Charles Bray and Caroline [Mrs. Charles] Bray,George Eliot,1:289 - 338
93155,Mr. Charles Bray and Caroline [Mrs. Charles] Bray,George Eliot,2:59
93154,Mr. and Mrs. Charles Bray,George Eliot,2:60
93153,Mr. and Mrs. Charles Bray,George Eliot,2:90
93152,Mr. and Mrs. Charles Bray,George Eliot,2:65
93151,Mr. and Mrs. Charles Bray,George Eliot,2:32
93150,Mr. and Mrs. Charles Bray,George Eliot,2:100
93149,Mr. and Mrs. Charles Bray,George Eliot,2:99
93148,Mr. and Mrs. Charles Bray,George Eliot,2:89
93147,Mr. and Mrs. Charles Bray,George Eliot,2:27
93146,Mr. and Mrs. Charles Bray,George Eliot,2:99
93145,Mr. and Mrs. Charles Bray,George Eliot,2:117
93144,Mr. and Mrs. Charles Bray,George Eliot,2:88
93143,Mr. Charles Bray and Caroline [Mrs. Charles] Bray,George Eliot,2:34
93142,Mr. and Mrs. Charles Bray,George Eliot,2:67
93141,Mr. and Mrs. Charles Bray,George Eliot,2:92
93140,Mr. and Mrs. Charles Bray,George Eliot,2:96
93139,Mr. and Mrs. Charles Bray,George Eliot,2:22
93138,Mr. Charles Bray and Caroline [Mrs. Charles] Bray,George Eliot,1:223 - 285
93137,Mr. Charles Bray and Caroline [Mrs. Charles] Bray,George Eliot,1:171 - 219
93136,Mr. and Mrs. Charles Bray and Sara Sophia Hennell,George Eliot,3:99
93135,Mr. Charles Bray and Caroline [Mrs. Charles] Bray and Sara Sophia Hennell,George Eliot,1:341 - 378
93134,Mr. Charles Bray and Caroline [Mrs. Charles] Bray and Sara Sophia Hennell,George Eliot,2:75
93133,MR. AND MRS. CHARLES BRAY AND SARA SOPHIA HENNELL,George Eliot,1:341 - 378
93132,Mr. and Mrs. Charles Bray and Sara Sophia Hennell,George Eliot,2:166
93131,Mr. Charles Bray and Caroline [Mrs. Charles] Bray and Sara Sophia Hennell,George Eliot,1:289 - 338
93130,MR. AND MRS. CHARLES BRAY AND SARA SOPHIA HENNELL,George Eliot,1:289 - 338
93129,Mr. Charles Bray and Caroline [Mrs. Charles] Bray and Sara Sophia Hennell,George Eliot,1:289 - 338
93128,Mr. and Mrs. Charles Bray and Sara Sophia Hennell,George Eliot,2:36
93127,Mr. and Mrs. Charles Bray and Sara Sophia Hennell,George Eliot,2:58
93126,Mr. and Mrs. Charles Bray and Sara Sophia Hennell,George Eliot,2:31
93125,Mr. Charles Bray and Caroline [Mrs. Charles] Bray and Sara Sophia Hennell,George Eliot,2:9
93124,Mr. and Mrs. Charles Bray and Sara Sophia Hennell,George Eliot,2:81
93123,Mr. and Mrs. Bray,George Eliot,2:72
93122,Mr. and Mrs. Bray,George Eliot,2:63
93121,Mr. and Mrs. Bray,George Eliot,2:62
93120,Mr. and Mrs. Albert Druce,George Eliot,6:105
93119,Moncure Daniel Conway,George Eliot,4:413
93118,Mme Olga Novikoff,George Eliot,9:166
93117,Mme Louis Belloc,George Eliot,6:392
93116,Mme Louis Belloc,George Eliot,5:125
93115,Mme Louis Belloc,George Eliot,5:336
93114,Mme Louis Belloc,George Eliot,7:347
93113,Mme Francois D'albert-Durade,George Eliot,3:313
93112,Barbara [Mme Eugene] Bodichon,George Eliot,9:233
93111,Barbara [Mme Eugene] Bodichon,George Eliot,7:332
93110,Barbara [Mme Eugene] Bodichon,George Eliot,9:274
93109,Barbara [Mme Eugene] Bodichon,George Eliot,7:195
93108,Barbara [Mme Eugene] Bodichon,George Eliot,7:214
93107,Barbara [Mme Eugene] Bodichon,George Eliot,7:176
93106,Barbara [Mme Eugene] Bodichon,George Eliot,6:398
93105,Barbara [Mme Eugene] Bodichon,George Eliot,7:194
93104,Barbara [Mme Eugene] Bodichon,George Eliot,6:408
93103,Barbara [Mme Eugene] Bodichon,George Eliot,7:314
93102,Barbara [Mme Eugene] Bodichon,George Eliot,7:200
93101,Barbara [Mme Eugene] Bodichon,George Eliot,7:59
93100,Barbara [Mme Eugene] Bodichon,George Eliot,7:70
93099,Barbara [Mme Eugene] Bodichon,George Eliot,7:321
93098,Barbara [Mme Eugene] Bodichon,George Eliot,7:307
93097,Barbara [Mme Eugene] Bodichon,George Eliot,7:183
93096,Barbara [Mme Eugene] Bodichon,George Eliot,3:342
93095,Barbara [Mme Eugene] Bodichon,George Eliot,3:224
93094,Barbara [Mme Eugene] Bodichon,George Eliot,3:59
93093,Barbara [Mme Eugene] Bodichon,George Eliot,3:119
93092,Barbara [Mme Eugene] Bodichon,George Eliot,3:153
93091,Barbara [Mme Eugene] Bodichon,George Eliot,3:128
93090,Barbara [Mme Eugene] Bodichon,George Eliot,3:309
93089,Barbara [Mme Eugene] Bodichon,George Eliot,3:172
93088,Barbara [Mme Eugene] Bodichon,George Eliot,3:334
93087,Barbara [Mme Eugene] Bodichon,George Eliot,3:108
93086,Barbara [Mme Eugene] Bodichon,George Eliot,3:333
93085,Barbara [Mme Eugene] Bodichon,George Eliot,3:332
93084,Barbara [Mme Eugene] Bodichon,George Eliot,3:331
93083,Barbara [Mme Eugene] Bodichon,George Eliot,3:169
93082,Barbara [Mme Eugene] Bodichon,George Eliot,4:425
93081,Barbara [Mme Eugene] Bodichon,George Eliot,5:178
93080,Barbara [Mme Eugene] Bodichon,George Eliot,5:166
93079,Barbara [Mme Eugene] Bodichon,George Eliot,5:152
93078,Barbara [Mme Eugene] Bodichon,George Eliot,5:178
93077,Barbara [Mme Eugene] Bodichon,George Eliot,6:161
93076,Barbara [Mme Eugene] Bodichon,George Eliot,5:289
93075,Barbara [Mme Eugene] Bodichon,George Eliot,5:276
93074,Barbara [Mme Eugene] Bodichon,George Eliot,7:290
93073,Barbara [Mme Eugene] Bodichon,George Eliot,4:362
93072,Barbara [Mme Eugene] Bodichon,George Eliot,3:402
93071,Barbara [Mme Eugene] Bodichon,George Eliot,7:128
93070,Barbara [Mme Eugene] Bodichon,George Eliot,6:280
93069,Barbara [Mme Eugene] Bodichon,George Eliot,7:101
93068,Barbara [Mme Eugene] Bodichon,George Eliot,7:268
93067,Barbara [Mme Eugene] Bodichon,George Eliot,7:146
93066,Barbara [Mme Eugene] Bodichon,George Eliot,7:113
93065,Barbara [Mme Eugene] Bodichon,George Eliot,9:118
93064,Barbara [Mme Eugene] Bodichon,George Eliot,5:3
93063,Barbara [Mme Eugene] Bodichon,George Eliot,7:247
93062,Barbara [Mme Eugene] Bodichon,George Eliot,4:118
93061,Barbara [Mme Eugene] Bodichon,George Eliot,4:140
93060,Barbara [Mme Eugene] Bodichon,George Eliot,3:455
93059,Barbara [Mme Eugene] Bodichon,George Eliot,6:235
93058,Barbara [Mme Eugene] Bodichon,George Eliot,8:467
93057,Barbara [Mme Eugene] Bodichon,George Eliot,7:100
93056,Barbara [Mme Eugene] Bodichon,George Eliot,7:143
93055,Barbara [Mme Eugene] Bodichon,George Eliot,8:333
93054,Barbara [Mme Eugene] Bodichon,George Eliot,6:84
93053,Barbara [Mme Eugene] Bodichon,George Eliot,4:64
93052,Barbara [Mme Eugene] Bodichon,George Eliot,3:365
93051,Barbara [Mme Eugene] Bodichon,George Eliot,7:265
93050,Barbara [Mme Eugene] Bodichon,George Eliot,4:475
93049,Barbara [Mme Eugene] Bodichon,George Eliot,7:84
93048,Barbara [Mme Eugene] Bodichon,George Eliot,5:70
93047,Barbara [Mme Eugene] Bodichon,George Eliot,5:428
93046,Barbara [Mme Eugene] Bodichon,George Eliot,5:60
93045,Barbara [Mme Eugene] Bodichon,George Eliot,6:424
93044,Barbara [Mme Eugene] Bodichon,George Eliot,5:74
93043,Barbara [Mme Eugene] Bodichon,George Eliot,6:290
93042,Barbara [Mme Eugene] Bodichon,George Eliot,8:457
93041,Barbara [Mme Eugene] Bodichon,George Eliot,6:374
93040,Barbara [Mme Eugene] Bodichon,George Eliot,4:101
93039,Barbara [Mme Eugene] Bodichon,George Eliot,4:351
93038,Barbara [Mme Eugene] Bodichon,George Eliot,4:367
93037,Barbara [Mme Eugene] Bodichon,George Eliot,7:5
93036,Barbara [Mme Eugene] Bodichon,George Eliot,5:73
93035,Barbara [Mme Eugene] Bodichon,George Eliot,6:90
93034,Barbara [Mme Eugene] Bodichon,George Eliot,4:487
93033,Barbara [Mme Eugene] Bodichon,George Eliot,6:373
93032,Barbara [Mme Eugene] Bodichon,George Eliot,6:369
93031,Barabara [Mme Eugene] Bodichon,George Eliot,6:251
93030,Barbara [Mme Eugene] Bodichon,George Eliot,7:15
93029,Barbara [Mme Eugene] Bodichon,George Eliot,8:358
93028,Barbara [Mme Eugene] Bodichon,George Eliot,4:12
93027,Barbara [Mme Eugene] Bodichon,George Eliot,6:185
93026,Barbara [Mme Eugene] Bodichon,George Eliot,4:84
93025,Barbara [Mme Eugene] Bodichon,George Eliot,4:493
93024,Barbara [Mme Eugene] Bodichon,George Eliot,8:320
93023,Barbara [Mme Eugene] Bodichon,George Eliot,5:457
93022,Barbara [Mme Eugene] Bodichon,George Eliot,4:20
93021,Barbara [Mme Eugene] Bodichon,George Eliot,3:388
93020,Barbara [Mme Eugene] Bodichon,George Eliot,8:459
93019,Barbara [Mme Eugene] Bodichon,George Eliot,5:117
93018,Barbara [Mme Eugene] Bodichon,George Eliot,4:236
93017,Barbara [Mme Eugene] Bodichon,George Eliot,9:183
93016,Barbara [Mme Eugene] Bodichon,George Eliot,8:428
93015,Barbara [Mme Eugene] Bodichon,George Eliot,8:406
93014,Barbara [Mme Eugene] Bodichon,George Eliot,5:123
93013,Barbara [Mme Eugene] Bodichon,George Eliot,9:81
93012,Barbara [Mme Eugene] Bodichon,George Eliot,6:13
93011,Barbara [Mme Eugene] Bodichon,George Eliot,8:474
93010,Barbara [Mme Eugene] Bodichon,George Eliot,9:87
93009,Barbara [Mme Eugene] Bodichon,George Eliot,8:349
93008,Barbara [Mme Eugene] Bodichon,George Eliot,3:461
93007,Barbara [Mme Eugene] Bodichon,George Eliot,4:377
93006,Barbara [Mme Eugene] Bodichon,George Eliot,8:348
93005,Barbara [Mme Eugene] Bodichon,George Eliot,9:64
93004,Barbara [Mme Eugene] Bodichon,George Eliot,8:301
93003,Barbara [Mme Eugene] Bodichon,George Eliot,9:32
93002,Barbara [Mme Eugene] Bodichon,George Eliot,8:346
93001,Barbara [Mme Eugene] Bodichon,George Eliot,3:447
93000,Barbara [Mme Eugene] Bodichon,George Eliot,4:167
92999,Barbara [Mme Eugene] Bodichon,George Eliot,5:45
92998,Barbara [Mme Eugene] Bodichon,George Eliot,4:399
92997,Barbara [Mme Eugene] Bodichon,George Eliot,7:24
92996,Barbara [Mme Eugene] Bodichon,George Eliot,8:471
92995,Barbara [Mme Eugene] Bodichon,George Eliot,8:490
92994,Barbara [Mme Eugene] Bodichon,George Eliot,5:36
92993,Barbara [Mme Eugene] Bodichon,George Eliot,5:44
92992,Barbara [Mme Eugene] Bodichon,George Eliot,5:35
92991,Barbara [Mme Eugene] Bodichon,George Eliot,5:77
92990,Barbara [Mme Eugene] Bodichon,George Eliot,7:254
92989,Barbara [Mme Eugene] Bodichon,George Eliot,8:471
92988,Barbara [Mme Eugene] Bodichon,George Eliot,5:113
92987,Barbara [Mme Eugene] Bodichon,George Eliot,6:82
92986,Barbara [Mme Eugene] Bodichon,George Eliot,6:69
92985,Barbara [Mme Eugene] Bodichon,George Eliot,5:104
92984,Barbara [Mme Eugene] Bodichon,George Eliot,3:142
92983,Barbara [Mme Eugene] Bodichon,George Eliot,4:329
92982,Barbara [Mme Eugene] Bodichon,George Eliot,4:338
92981,Barbara [Mme Eugene] Bodichon,George Eliot,3:123
92980,Barbara [Mme Eugene] Bodichon,George Eliot,3:271
92979,Barbara [Mme Eugene] Bodichon,George Eliot,8:239
92978,Barbara [Mme Eugene] Bodichon,George Eliot,5:181
92977,Barbara [Mme Eugene] Bodichon,George Eliot,8:310
92976,Barbara [Mme Eugene] Bodichon,George Eliot,7:93
92975,Barbara [Mme Eugene] Bodichon,George Eliot,9:187
92974,Barbara [Mme Eugene] Bodichon,George Eliot,8:288
92973,Barbara [Mme Eugene] Bodichon,George Eliot,5:467
92972,Barbara [Mme Eugene] Bodichon,George Eliot,9:8
92971,Barbara [Mme Eugene] Bodichon,George Eliot,9:11
92970,Barbara [Mme Eugene] Bodichon,George Eliot,8:329
92969,Mme Eug'e9ne Bodichon,George Eliot,8:489
92968,Miss Mary Marshall,George Eliot,4:88
92967,Miss Charlotte Carmichael,George Eliot,6:438
92966,Miss Beneke,George Eliot,9:300
92965,Messrs. W. Blackwood and Sons,George Eliot,2:494
92964,Maud Lewes,George Eliot,7:65
92963,Matilda Betham Edwards,George Eliot,5:233
92962,"Mary, Eleanor and Florence Cross",George Eliot,7:296
92961,Mary Sibree,George Eliot,1:223 - 285
92960,Mary Sibree,George Eliot,8:11
92959,Mary Sibree,George Eliot,1:341 - 378
92958,Mary Sibree,George Eliot,1:223 - 285
92957,Mary Sibree,George Eliot,8:11
92956,Mary Sibree,George Eliot,8:10
92955,Mary Sibree,George Eliot,8:10
92954,Mary Sibree,George Eliot,8:15
92953,Mary Sibree,George Eliot,8:10
92952,Mary Marshall,George Eliot,4:170
92951,Mary Marshall,George Eliot,8:314
92950,Mary Marshall,George Eliot,4:145
92949,Mary Marshall,George Eliot,8:355
92948,Mary Marshall,George Eliot,4:181
92947,Mary Finlay Cross,George Eliot,7:218
92946,Mary Finlay Cross,George Eliot,5:171
92945,Mary Finlay Cross,George Eliot,7:278
92944,Mary Finlay Cross,George Eliot,7:246
92943,Mary Finlay Cross,George Eliot,6:47
92942,Mary Finlay Cross,George Eliot,7:246
92941,Mary Dickens,George Eliot,6:234
92940,Mary A. Ewart,George Eliot,9:294
92939,Mary [Sibree],George Eliot,1:341 - 378
92938,Martha Jackson,George Eliot,8:7
92937,Martha Jackson,George Eliot,1:289 - 338
92936,Martha Jackson,George Eliot,1:3-86
92935,Martha Jackson,George Eliot,1:3-86
92934,Martha Jackson,George Eliot,8:5
92933,Martha Jackson,George Eliot,1:3-86
92932,Martha Jackson,George Eliot,1:3-86
92931,Martha Jackson,George Eliot,1:3-86
92930,Martha Jackson,George Eliot,1:3-86
92929,Martha Jackson,George Eliot,1:89 - 168
92928,Martha Jackson,George Eliot,1:171 - 219
92927,Martha Jackson,George Eliot,1:89 - 168
92926,Martha Jackson,George Eliot,1:89 - 168
92925,Martha Jackson,George Eliot,1:171 - 219
92924,Martha Jackson,George Eliot,1:89 - 168
92923,Martha Jackson,George Eliot,1:89 - 168
92922,Martha Jackson,George Eliot,1:89 - 168
92921,Martha Jackson,George Eliot,1:3-86
92920,Martha Jackson,George Eliot,1:3-86
92919,Martha Jackson,George Eliot,1:89 - 168
92918,Martha Jackson,George Eliot,1:89 - 168
92917,Maria Lewis,George Eliot,1:3-86
92916,Maria Lewis,George Eliot,1:3-86
92915,Maria Lewis,George Eliot,1:3-86
92914,Maria Lewis,George Eliot,1:3-86
92913,Maria Lewis,George Eliot,1:3-86
92912,Maria Lewis,George Eliot,1:3-86
92911,Maria Lewis,George Eliot,1:3-86
92910,Maria Lewis,George Eliot,1:3-86
92909,Maria Lewis,George Eliot,1:3-86
92908,Maria Lewis,George Eliot,1:3-86
92907,Maria Lewis,George Eliot,1:3-86
92906,Maria Lewis,George Eliot,1:3-86
92905,Maria Lewis,George Eliot,1:3-86
92904,Maria Lewis,George Eliot,1:3-86
92903,Maria Lewis,George Eliot,1:3-86
92902,Maria Lewis,George Eliot,1:3-86
92901,Maria Lewis,George Eliot,1:3-86
92900,Maria Lewis,George Eliot,1:3-86
92899,Maria Lewis,George Eliot,1:3-86
92898,Maria Lewis,George Eliot,1:3-86
92897,Maria Lewis,George Eliot,1:3-86
92896,Maria Lewis,George Eliot,1:3-86
92895,Maria Lewis,George Eliot,1:3-86
92894,Maria Lewis,George Eliot,1:3-86
92893,Maria Lewis,George Eliot,1:3-86
92892,Maria Lewis,George Eliot,1:3-86
92891,Maria Lewis,George Eliot,1:3-86
92890,Maria Lewis,George Eliot,1:3-86
92889,Maria Lewis,George Eliot,1:3-86
92888,Maria Lewis,George Eliot,1:3-86
92887,Maria Lewis,George Eliot,1:89 - 168
92886,Maria Lewis,George Eliot,1:89 - 168
92885,Maria Lewis,George Eliot,1:89 - 168
92884,Maria Lewis,George Eliot,1:89 - 168
92883,Maria Lewis,George Eliot,1:89 - 168
92882,Maria Lewis,George Eliot,1:89 - 168
92881,Maria Lewis,George Eliot,1:89 - 168
92880,Maria Lewis,George Eliot,1:89 - 168
92879,Maria Lewis,George Eliot,1:89 - 168
92878,Maria Lewis,George Eliot,1:89 - 168
92877,Maria Lewis,George Eliot,1:89 - 168
92876,Maria Lewis,George Eliot,1:89 - 168
92875,Maria Lewis,George Eliot,1:89 - 168
92874,Maria Lewis,George Eliot,1:89 - 168
92873,Maria Lewis,George Eliot,1:89 - 168
92872,Maria Lewis,George Eliot,1:89 - 168
92871,Maria Lewis,George Eliot,1:89 - 168
92870,Maria Lewis,George Eliot,1:89 - 168
92869,Maria Lewis,George Eliot,1:89 - 168
92868,Maria Lewis,George Eliot,1:89 - 168
92867,Maria Lewis,George Eliot,1:3-86
92866,Maria Lewis,George Eliot,1:89 - 168
92865,M. Harris,George Eliot,5:408
92864,Lord Hough,George Eliot,7:19
92863,Lord Hough,George Eliot,8:473
92862,Lord Hough,George Eliot,9:92
92861,Leslie Stephen,George Eliot,7:3
92860,Lady Thompson,George Eliot,9:230
92859,Lady Strangford,George Eliot,5:455
92858,Lady Lyt,George Eliot,9:119
92857,Lady Holland,George Eliot,9:304
92856,Lady Amberley,George Eliot,8:477
92855,Kate Field,George Eliot,5:272
92854,Julia Wedgwood,George Eliot,8:470
92853,Joseph Munt Langford,George Eliot,7:219
92852,Joseph Munt Langford,George Eliot,3:173
92851,Joseph Munt Langford,George Eliot,3:182
92850,Joseph Munt Langford,George Eliot,3:180
92849,Joseph Munt Langford,George Eliot,6:45
92848,Joseph Munt Langford,George Eliot,6:5
92847,Joseph Munt Langford,George Eliot,6:44
92846,Joseph Munt Langford,George Eliot,3:393
92845,Joseph Munt Langford,George Eliot,6:435
92844,Joseph Munt Langford,George Eliot,4:121
92843,Joseph Munt Langford,George Eliot,9:94
92842,Joseph Munt Langford,George Eliot,4:491
92841,Joseph M. Langford,George Eliot,6:390
92840,Joseph Langford,George Eliot,7:229
92839,John Walter Cross,George Eliot,7:62
92838,John Walter Cross,George Eliot,7:211
92837,John Walter Cross,George Eliot,6:164
92836,John Walter Cross,George Eliot,7:101
92835,John Walter Cross,George Eliot,6:415
92834,John Walter Cross,George Eliot,6:258
92833,John Walter Cross,George Eliot,9:226
92832,John Walter Cross,George Eliot,7:234
92831,John Walter Cross,George Eliot,7:107
92830,John Walter Cross,George Eliot,7:107
92829,John Walter Cross,George Eliot,6:432
92828,John Walter Cross,George Eliot,6:6
92827,John Walter Cross,George Eliot,5:340
92826,John Walter Cross,George Eliot,6:134
92825,John Walter Cross,George Eliot,7:99
92824,John Walter Cross,George Eliot,6:337
92823,John Walter Cross,George Eliot,7:97
92822,John Walter Cross,George Eliot,7:138
92821,John Walter Cross,George Eliot,6:59
92820,John Walter Cross,George Eliot,5:447
92819,John Stuart Blackie,George Eliot,3:246
92818,"John Sibree, Jr.",George Eliot,1:223 - 285
92817,"John Sibree, Jr.",George Eliot,1:223 - 285
92816,"John Sibree, Jr.",George Eliot,1:223 - 285
92815,"John Sibree, Jr.",George Eliot,8:16
92814,"John Sibree, Jr.",George Eliot,1:223 - 285
92813,John Sibree,George Eliot,1:171 - 219
92812,John Morley,George Eliot,4:364
92811,John Morley,George Eliot,8:402
92810,John Hollingshead,George Eliot,5:384
92809,John Gwyther,George Eliot,3:85
92808,John Chapman,George Eliot,8:115
92807,John Chapman,George Eliot,2:180
92806,John Chapman,George Eliot,2:172
92805,John Chapman,George Eliot,2:174
92804,John Chapman,George Eliot,8:123
92803,John Chapman,George Eliot,2:111
92802,John Chapman,George Eliot,2:257
92801,John Chapman,George Eliot,2:258
92800,John Chapman,George Eliot,2:494
92799,John Chapman,George Eliot,3:3
92798,John Chapman,George Eliot,2:385
92797,John Chapman,George Eliot,8:177
92796,John Chapman,George Eliot,2:426
92795,John Chapman,George Eliot,2:420
92794,John Chapman,George Eliot,3:3
92793,John Chapman,George Eliot,2:198
92792,John Chapman,George Eliot,2:130
92791,John Chapman,George Eliot,2:133
92790,John Chapman,George Eliot,8:171
92789,John Chapman,George Eliot,2:208
92788,John Chapman,George Eliot,2:205
92787,John Chapman,George Eliot,2:196
92786,"John Chapman,",George Eliot,1:341 - 378
92785,John Chapman,George Eliot,8:23
92784,John Chapman,George Eliot,1:341 - 378
92783,John Chapman,George Eliot,1:341 - 378
92782,John Chapman,George Eliot,1:341 - 378
92781,John Chapman,George Eliot,8:28
92780,John Chapman,George Eliot,1:341 - 378
92779,John Chapman,George Eliot,1:341 - 378
92778,John Chapman,George Eliot,8:24
92777,John Chapman,George Eliot,1:341 - 378
92776,John Chapman,George Eliot,2:63
92775,John Chapman,George Eliot,2:47
92774,John Chapman,George Eliot,1:341 - 378
92773,John Chapman,George Eliot,8:133
92772,John Chapman,George Eliot,2:190
92771,John Chapman,George Eliot,8:131
92770,John Chapman,George Eliot,8:63
92769,John Chapman,George Eliot,2:100
92768,John Chapman,George Eliot,2:132
92767,John Chapman,George Eliot,1:341 - 378
92766,John Chapman,George Eliot,8:54
92765,John Burnell Payne,George Eliot,5:12
92764,John Blockley,George Eliot,8:425
92763,John Blackwood,George Eliot,7:206
92762,John Blackwood,George Eliot,7:45
92761,John Blackwood,George Eliot,7:173
92760,John Blackwood,George Eliot,7:32
92759,John Blackwood,George Eliot,7:67
92758,John Blackwood,George Eliot,7:170
92757,John Blackwood,George Eliot,7:182
92756,John Blackwood,George Eliot,3:151
92755,John Blackwood,George Eliot,3:317
92754,John Blackwood,George Eliot,3:78
92753,John Blackwood,George Eliot,3:245
92752,John Blackwood,George Eliot,3:217
92751,John Blackwood,George Eliot,3:124
92750,John Blackwood,George Eliot,3:312
92749,John Blackwood,George Eliot,3:240
92748,John Blackwood,George Eliot,3:267
92747,John Blackwood,George Eliot,3:191
92746,John Blackwood,George Eliot,3:339
92745,John Blackwood,George Eliot,3:215
92744,John Blackwood,George Eliot,3:118
92743,John Blackwood,George Eliot,3:264
92742,John Blackwood,George Eliot,3:161
92741,John Blackwood,George Eliot,3:278
92740,John Blackwood,George Eliot,3:69
92739,John Blackwood,George Eliot,3:236
92738,John Blackwood,George Eliot,3:34
92737,John Blackwood,George Eliot,3:132
92736,John Blackwood,George Eliot,3:184
92735,John Blackwood,George Eliot,3:132
92734,John Blackwood,George Eliot,3:248
92733,John Blackwood,George Eliot,3:75
92732,John Blackwood,George Eliot,3:224
92731,John Blackwood,George Eliot,4:426
92730,John Blackwood,George Eliot,4:428
92729,John Blackwood,George Eliot,4:428
92728,John Blackwood,George Eliot,4:457
92727,John Blackwood,George Eliot,5:168
92726,John Blackwood,George Eliot,5:164
92725,John Blackwood,George Eliot,4:276
92724,John Blackwood,George Eliot,5:23
92723,John Blackwood,George Eliot,3:284
92722,John Blackwood,George Eliot,2:418
92721,John Blackwood,George Eliot,2:373
92720,John Blackwood,George Eliot,2:480
92719,John Blackwood,George Eliot,2:399
92718,John Blackwood,George Eliot,2:493
92717,John Blackwood,George Eliot,3:6
92716,John Blackwood,George Eliot,2:482
92715,John Blackwood,George Eliot,2:395
92714,John Blackwood,George Eliot,2:512
92713,John Blackwood,George Eliot,2:442
92712,John Blackwood,George Eliot,2:499
92711,John Blackwood,George Eliot,2:509
92710,John Blackwood,George Eliot,2:424
92709,John Blackwood,George Eliot,2:298
92708,John Blackwood,George Eliot,2:387
92707,John Blackwood,George Eliot,2:413
92706,John Blackwood,George Eliot,2:433
92705,John Blackwood,George Eliot,2:411
92704,John Blackwood,George Eliot,2:508
92703,John Blackwood,George Eliot,2:303
92702,John Blackwood,George Eliot,2:505
92701,John Blackwood,George Eliot,8:201
92700,John Blackwood,George Eliot,5:296
92699,John Blackwood,George Eliot,6:265
92698,John Blackwood,George Eliot,8:289
92697,John Blackwood,George Eliot,4:396
92696,John Blackwood,George Eliot,7:130
92695,John Blackwood,George Eliot,5:81
92694,John Blackwood,George Eliot,6:122
92693,John Blackwood,George Eliot,4:403
92692,John Blackwood,George Eliot,4:305
92691,John Blackwood,George Eliot,6:25
92690,John Blackwood,George Eliot,4:76
92689,John Blackwood,George Eliot,6:414
92688,John Blackwood,George Eliot,5:453
92687,John Blackwood,George Eliot,4:436
92686,John Blackwood,George Eliot,7:110
92685,John Blackwood,George Eliot,5:51
92684,John Blackwood,George Eliot,7:126
92683,John Blackwood,George Eliot,8:337
92682,John Blackwood,George Eliot,3:385
92681,John Blackwood,George Eliot,4:294
92680,John Blackwood,George Eliot,3:396
92679,John Blackwood,George Eliot,4:500
92678,John Blackwood,George Eliot,4:366
92677,John Blackwood,George Eliot,3:394
92676,John Blackwood,George Eliot,4:463
92675,John Blackwood,George Eliot,6:335
92674,John Blackwood,George Eliot,4:412
92673,John Blackwood,George Eliot,4:251
92672,John Blackwood,George Eliot,6:303
92671,John Blackwood,George Eliot,5:361
92670,John Blackwood,George Eliot,5:208
92669,John Blackwood,George Eliot,6:358
92668,John Blackwood,George Eliot,4:432
92667,John Blackwood,George Eliot,4:462
92666,John Blackwood,George Eliot,7:98
92665,John Blackwood,George Eliot,5:380
92664,John Blackwood,George Eliot,4:18
92663,John Blackwood,George Eliot,3:384
92662,John Blackwood,George Eliot,3:351
92661,John Blackwood,George Eliot,4:247
92660,John Blackwood,George Eliot,7:10
92659,John Blackwood,George Eliot,8:290
92658,John Blackwood,George Eliot,7:83
92657,John Blackwood,George Eliot,7:108
92656,John Blackwood,George Eliot,6:222
92655,John Blackwood,George Eliot,5:378
92654,John Blackwood,George Eliot,4:243
92653,John Blackwood,George Eliot,4:459
92652,John Blackwood,George Eliot,3:382
92651,John Blackwood,George Eliot,5:429
92650,John Blackwood,George Eliot,7:80
92649,John Blackwood,George Eliot,7:141
92648,John Blackwood,George Eliot,4:62
92647,John Blackwood,George Eliot,6:422
92646,John Blackwood,George Eliot,7:119
92645,John Blackwood,George Eliot,5:17
92644,John Blackwood,George Eliot,4:15
92643,John Blackwood,George Eliot,8:392
92642,John Blackwood,George Eliot,4:480
92641,John Blackwood,George Eliot,9:112
92640,John Blackwood,George Eliot,4:354
92639,John Blackwood,George Eliot,5:249
92638,John Blackwood,George Eliot,5:402
92637,John Blackwood,George Eliot,4:430
92636,John Blackwood,George Eliot,4:443
92635,John Blackwood,George Eliot,6:350
92634,John Blackwood,George Eliot,6:21
92633,John Blackwood,George Eliot,6:274
92632,John Blackwood,George Eliot,6:87
92631,John Blackwood,George Eliot,4:313
92630,John Blackwood,George Eliot,3:356
92629,John Blackwood,George Eliot,7:145
92628,John Blackwood,George Eliot,6:37
92627,John Blackwood,George Eliot,4:34
92626,John Blackwood,George Eliot,5:15
92625,John Blackwood,George Eliot,4:391
92624,John Blackwood,George Eliot,6:187
92623,John Blackwood,George Eliot,8:292
92622,John Blackwood,George Eliot,4:349
92621,John Blackwood,George Eliot,5:236
92620,John Blackwood,George Eliot,6:240
92619,John Blackwood,George Eliot,8:292
92618,John Blackwood,George Eliot,7:136
92617,John Blackwood,George Eliot,4:374
92616,John Blackwood,George Eliot,4:373
92615,John Blackwood,George Eliot,3:440
92614,John Blackwood,George Eliot,3:377
92613,John Blackwood,George Eliot,6:198
92612,John Blackwood,George Eliot,5:387
92611,John Blackwood,George Eliot,5:256
92610,John Blackwood,George Eliot,4:319
92609,John Blackwood,George Eliot,3:389
92608,John Blackwood,George Eliot,7:93
92607,John Blackwood,George Eliot,5:458
92606,John Blackwood,George Eliot,4:370
92605,John Blackwood,George Eliot,4:6
92604,John Blackwood,George Eliot,3:371
92603,John Blackwood,George Eliot,4:492
92602,John Blackwood,George Eliot,4:407
92601,John Blackwood,George Eliot,4:308
92600,John Blackwood,George Eliot,9:138
92599,John Blackwood,George Eliot,5:34
92598,John Blackwood,George Eliot,3:387
92597,John Blackwood,George Eliot,6:171
92596,John Blackwood,George Eliot,6:181
92595,John Blackwood,George Eliot,5:231
92594,John Blackwood,George Eliot,4:3
92593,John Blackwood,George Eliot,3:369
92592,John Blackwood,George Eliot,5:334
92591,John Blackwood,George Eliot,4:414
92590,John Blackwood,George Eliot,6:232
92589,John Blackwood,George Eliot,3:405
92588,John Blackwood,George Eliot,8:278
92587,John Blackwood,George Eliot,5:314
92586,John Blackwood,George Eliot,3:392
92585,John Blackwood,George Eliot,3:390
92584,John Blackwood,George Eliot,4:347
92583,John Blackwood,George Eliot,2:335
92582,John Blackwood,George Eliot,2:353
92581,John Blackwood,George Eliot,2:361
92580,John Blackwood,George Eliot,2:347
92579,John Blackwood,George Eliot,3:416
92578,John Blackwood,George Eliot,3:293
92577,John Blackwood,George Eliot,6:75
92576,John Blackwood,George Eliot,6:56
92575,John Blackwood,George Eliot,4:290
92574,John Blackwood,George Eliot,5:441
92573,John Blackwood,George Eliot,3:40
92572,John Blackwood,George Eliot,3:60
92571,John Blackwood,George Eliot,3:254
92570,John Blackwood,George Eliot,3:25
92569,John Blackwood,George Eliot,3:23
92568,John Blackwood,George Eliot,3:72
92567,John Blackwood,George Eliot,3:53
92566,John Blackwood,George Eliot,3:13
92565,John Blackwood,George Eliot,3:43
92564,John Blackwood,George Eliot,3:105
92563,John Blackwood,George Eliot,3:102
92562,John Blackwood,George Eliot,2:325
92561,John Blackwood,George Eliot,2:324
92560,John Blackwood,George Eliot,2:309
92559,John Blackwood,George Eliot,2:381
92558,John Blackwood,George Eliot,2:300
92557,John Blackwood,George Eliot,2:375
92556,John Blackwood,George Eliot,2:385
92555,John Blackwood,George Eliot,2:459
92554,James Thomson,George Eliot,6:53
92553,James Sully,George Eliot,7:208
92552,James Sully,George Eliot,7:191
92551,James Sully,George Eliot,7:153
92550,James Sully,George Eliot,9:274
92549,James Sully,George Eliot,9:271
92548,James Sully,George Eliot,7:198
92547,James Sully,George Eliot,9:272
92546,James Sully,George Eliot,7:265
92545,James Sully,George Eliot,9:301
92544,James Sully,George Eliot,6:333
92543,James Holden,George Eliot,8:449
92542,James Harwood,George Eliot,9:215
92541,James Anthony Froude,George Eliot,3:35
92540,James A. H. Murray,George Eliot,9:278
92539,Isaac Pearson Evans,George Eliot,2:317
92538,Isaac Pearson Evans,George Eliot,7:287
92537,Isaac Pearson Evans,George Eliot,8:155
92536,Isaac Pearson Evans,George Eliot,2:331
92535,Isa Craig,George Eliot,8:353
92534,Isa Craig,George Eliot,8:369
92533,Hugh Atkins,George Eliot,5:279
92532,Herbert Spencer,George Eliot,7:172
92531,Herbert Spencer,George Eliot,9:270
92530,Herbert Spencer,George Eliot,8:247
92529,Herbert Spencer,George Eliot,7:348
92528,Herbert Spencer,George Eliot,8:42
92527,Herbert Spencer,George Eliot,8:50
92526,Herbert Spencer,George Eliot,8:61
92525,Herbert Spencer,George Eliot,8:56
92524,Henry Samuel King,George Eliot,4:95
92523,Henry Doul,George Eliot,7:52
92522,Henry Cromp,George Eliot,5:19
92521,Henry Cromp,George Eliot,8:435
92520,Hedwig Sauppe,George Eliot,4:130
92519,Harris (The Builder),George Eliot,9:263
92518,Harriet Beecher S,George Eliot,5:71
92517,Haim Guedalla,George Eliot,6:288
92516,Haim Guedalla,George Eliot,6:288
92515,Gustav Adolf Scholl,George Eliot,2:182
92514,Grace and Amelia Lee,George Eliot,8:319
92513,George Smith,George Eliot,7:328
92512,George Smith,George Eliot,4:138
92511,George Smith,George Eliot,4:174
92510,George Smith,George Eliot,7:247
92509,George Smith,George Eliot,4:377
92508,George Smith,George Eliot,4:324
92507,George Smith,George Eliot,9:184
92506,George Smith,George Eliot,6:107
92505,George Smith,George Eliot,4:50
92504,George Smith,George Eliot,4:391
92503,George Smith,George Eliot,4:233
92502,George Smith,George Eliot,9:294
92501,George Smith,George Eliot,4:78
92500,George Smith,George Eliot,4:48
92499,George Smith,George Eliot,4:51
92498,George Smith,George Eliot,8:416
92497,George Smith,George Eliot,8:396
92496,George Simpson,George Eliot,6:42
92495,George Simpson,George Eliot,5:345
92494,George Simpson,George Eliot,6:30
92493,George James Howard,George Eliot,9:13
92492,George Jacob Holyoake,George Eliot,7:193
92491,George Grove,George Eliot,9:173
92490,George Croom Robertson,George Eliot,9:60
92489,George Croom Robertson,George Eliot,9:75
92488,George Combe,George Eliot,8:106
92487,George Combe,George Eliot,8:111
92486,George Combe,George Eliot,8:76
92485,George Combe,George Eliot,8:75
92484,George Combe,George Eliot,8:46
92483,George Combe,George Eliot,8:94
92482,George Combe,George Eliot,8:37
92481,George Combe,George Eliot,8:104
92480,George Combe,George Eliot,8:49
92479,George Combe,George Eliot,8:89
92478,George Combe,George Eliot,8:33
92477,George Combe,George Eliot,8:97
92476,George Combe,George Eliot,8:93
92475,George Combe,George Eliot,8:78
92474,George Combe,George Eliot,8:92
92473,George Combe,George Eliot,8:69
92472,George Combe,George Eliot,8:95
92471,George Combe,George Eliot,8:43
92470,George Combe,George Eliot,8:85
92469,George Combe,George Eliot,8:68
92468,George Combe,George Eliot,8:87
92467,George Combe,George Eliot,8:92
92466,George Combe,George Eliot,8:71
92465,George Combe,George Eliot,8:91
92464,George Combe,George Eliot,8:73
92463,George Combe,George Eliot,8:67
92462,George Combe,George Eliot,8:65
92461,George Combe,George Eliot,8:90
92460,George Combe,George Eliot,8:47
92459,George Combe,George Eliot,8:88
92458,George Combe,George Eliot,8:35
92457,George Combe,George Eliot,8:80
92456,George Combe,George Eliot,8:40
92455,George Combe,George Eliot,8:64
92454,George Combe,George Eliot,8:60
92453,George Combe,George Eliot,8:59
92452,George Combe,George Eliot,8:55
92451,George Combe,George Eliot,8:50
92450,George Combe,George Eliot,8:48
92449,George Bancroft,George Eliot,6:67
92448,Frederick Locker,George Eliot,6:122
92447,Frederick Locker,George Eliot,9:33
92446,Frederick Locker,George Eliot,6:135
92445,Frederick Locker,George Eliot,5:227
92444,Frederick Locker,George Eliot,5:103
92443,Frederick Locker,George Eliot,7:14
92442,Frederick Lehmann,George Eliot,4:240
92441,Frederick Lehmann,George Eliot,8:385
92440,Frederick Denison Maurice,George Eliot,4:471
92439,Frederic William Bur,George Eliot,8:480
92438,Frederic W. H. Myers,George Eliot,9:286
92437,Frederic W. H. Myers,George Eliot,9:68
92436,Frederic W. H. Myers,George Eliot,9:90
92435,Frederic W. H. Myers,George Eliot,9:95
92434,Frederic W. H. Myers,George Eliot,9:201
92433,Frederic W. H. Myers,George Eliot,9:103
92432,Frederic Leigh,George Eliot,4:41
92431,Frederic Leigh,George Eliot,4:41
92430,Frederic Leigh,George Eliot,4:40
92429,Frederic Leigh,George Eliot,4:39
92428,Frederic Leigh,George Eliot,4:63
92427,Frederic Leigh,George Eliot,4:55
92426,Frederic Harrison,George Eliot,6:387
92425,Frederic Harrison,George Eliot,7:161
92424,Frederic Harrison,George Eliot,4:231
92423,Frederic Harrison,George Eliot,5:145
92422,Frederic Harrison,George Eliot,6:152
92421,Frederic Harrison,George Eliot,6:149
92420,Frederic Harrison,George Eliot,4:215
92419,Frederic Harrison,George Eliot,4:257
92418,Frederic Harrison,George Eliot,6:111
92417,Frederic Harrison,George Eliot,4:395
92416,Frederic Harrison,George Eliot,6:110
92415,Frederic Harrison,George Eliot,5:43
92414,Frederic Harrison,George Eliot,4:214
92413,Frederic Harrison,George Eliot,4:295
92412,Frederic Harrison,George Eliot,6:100
92411,Frederic Harrison,George Eliot,7:227
92410,Frederic Harrison,George Eliot,9:155
92409,Frederic Harrison,George Eliot,4:249
92408,Frederic Harrison,George Eliot,6:439
92407,Frederic Harrison,George Eliot,4:447
92406,Frederic Harrison,George Eliot,4:221
92405,Frederic Harrison,George Eliot,5:421
92404,Frederic Harrison,George Eliot,6:148
92403,Frederic Harrison,George Eliot,6:126
92402,Frederic Harrison,George Eliot,4:239
92401,Frederic Harrison,George Eliot,6:151
92400,Frederic Harrison,George Eliot,5:75
92399,Frederic Harrison,George Eliot,4:300
92398,Frederic Harrison,George Eliot,7:260
92397,Frederic Harrison,George Eliot,4:219
92396,Frederic Harrison,George Eliot,4:238
92395,Frederic Harrison,George Eliot,4:237
92394,Frederic Harrison,George Eliot,6:147
92393,Frederic Harrison,George Eliot,6:105
92392,Frederic Harrison,George Eliot,4:262
92391,Frederic Harrison,George Eliot,4:261
92390,Frederic Harrison,George Eliot,4:448
92389,Frederic Harrison,George Eliot,4:259
92388,Frederic Harrison,George Eliot,7:261
92387,Frederic Harrison,George Eliot,4:343
92386,Frederic Harrison,George Eliot,4:255
92385,Frederic Harrison,George Eliot,4:256
92384,Frau Karl von Siebold,George Eliot,5:157
92383,Frau Karl Von Siebold,George Eliot,2:468
92382,Frau Karl Theodor Ernst von Siebold,George Eliot,3:448
92381,Francois D'Albert-Durade,George Eliot,7:333
92380,Francois D'Albert-Durade,George Eliot,7:46
92379,Francois D'Albert-Durade,George Eliot,3:257
92378,Francois D'Albert-Durade,George Eliot,3:230
92377,Francois D'albert-Durade,George Eliot,3:255
92376,Francois D'Albert-Durade,George Eliot,3:346
92375,Francois D'albert-Durade,George Eliot,3:186
92374,Francois D'Albert-Durade,George Eliot,3:300
92373,Francois D'Albert-Durade,George Eliot,8:263
92372,Francois D'Albert-Durade,George Eliot,7:115
92371,"Francois D'Albert-Durade,",George Eliot,3:258
92370,"Francois D'Albert-Durade,",George Eliot,3:361
92369,Francois D'Albert-Durade,George Eliot,4:46
92368,Francois D'Albert-Durade,George Eliot,4:80
92367,Francois D'albert-Durade,George Eliot,5:320
92366,Francois D'Albert-Durade,George Eliot,4:418
92365,Francois D'Albert-Durade,George Eliot,5:241
92364,Francois D'Albert-Durade,George Eliot,4:116
92363,Francois D'Albert-Durade,George Eliot,4:68
92362,Francois D'Albert-Durade,George Eliot,4:67
92361,Francois D'Albert-Durade,George Eliot,7:256
92360,Francois D'Albert-Durade,George Eliot,6:427
92359,Francois D'Albert-Durade,George Eliot,5:134
92358,Francois D'Albert-Durade,George Eliot,3:447
92357,Francois D'Albert-Durade,George Eliot,7:226
92356,Francois D'albert-Durade,George Eliot,5:141
92355,Francois D'Albert-Durade,George Eliot,4:153
92354,Francois D'Albert-Durade,George Eliot,4:59
92353,Francois D'Albert-Durade,George Eliot,6:24
92352,Francois D'Albert-Durade,George Eliot,4:310
92351,Francois D'Albert-Durade,George Eliot,5:392
92350,Francois D'Albert-Durade,George Eliot,6:129
92349,Francois D'Albert-Durade,George Eliot,6:276
92348,Francois D'Albert-Durade,George Eliot,4:3
92347,Francois D'Albert-Durade,George Eliot,4:93
92346,Francois D'Albert-Durade,George Eliot,4:210
92345,Francois D'Albert-Durade,George Eliot,3:425
92344,Francois D'Albert-Durade,George Eliot,5:186
92343,Francois D'Albert-Durade,George Eliot,6:173
92342,Francois D'Albert-Durade,George Eliot,4:175
92341,Francois D'Albert-Durade,George Eliot,4:358
92340,Francois D'Albert-Durade,George Eliot,4:464
92339,Francois D'albert-Durade,George Eliot,3:373
92338,Francois D'Albert-Durade,George Eliot,5:427
92337,Francois D'Albert-Durade,George Eliot,3:309
92336,Francois D'albert Durade,George Eliot,9:8
92335,Francis Watts,George Eliot,1:89 - 168
92334,Francis Watts,George Eliot,1:89 - 168
92333,Francis Watts,George Eliot,1:89 - 168
92332,Francis Watts,George Eliot,1:89 - 168
92331,Francis Watts,George Eliot,1:89 - 168
92330,Francis Watts,George Eliot,1:89 - 168
92329,Francis Otter,George Eliot,6:117
92328,Florence Cross,George Eliot,7:285
92327,Florence Cross,George Eliot,7:309
92326,Florence Cross,George Eliot,7:166
92325,"Fields, Osgood and Co.",George Eliot,5:38
92324,Emily Susannah Clarke,George Eliot,6:277
92323,Emily Susannah Clarke,George Eliot,6:150
92322,Emily Southwood Hill,George Eliot,5:284
92321,Emily Faithfull,George Eliot,5:429
92320,Emily Faithfull,George Eliot,4:77
92319,Emily Davies,George Eliot,4:467
92318,Emily Davies,George Eliot,8:469
92317,Emily Davies,George Eliot,8:414
92316,Emily Davies,George Eliot,8:440
92315,Emily Davies,George Eliot,8:435
92314,Emily Davies,George Eliot,9:5
92313,Emily Davies,George Eliot,8:468
92312,Emily Davies,George Eliot,4:399
92311,Emily Davies,George Eliot,8:408
92310,Emily Davies,George Eliot,8:434
92309,Emily Davies,George Eliot,8:428
92308,Emily Davies,George Eliot,8:411
92307,Emily Davies,George Eliot,4:401
92306,Emily Davies,George Eliot,8:427
92305,Emily Cross,George Eliot,6:116
92304,Emanuel Deutsch,George Eliot,4:446
92303,Emanuel Deutsch,George Eliot,5:73
92302,Emanuel Deutsch,George Eliot,4:409
92301,Emanuel Deutsch,George Eliot,5:115
92300,Emanuel Deutsch,George Eliot,4:440
92299,Emanuel Deutsch,George Eliot,5:39
92298,Emanuel Deutsch,George Eliot,4:384
92297,Elizabeth Stuart Phelps,George Eliot,7:317
92296,Elizabeth Stuart Phelps,George Eliot,6:163
92295,Elizabeth Stuart Phelps,George Eliot,5:388
92294,Elizabeth Stuart Phelps,George Eliot,6:317
92293,Elizabeth Stuart Phelps,George Eliot,6:417
92292,Elizabeth Stuart Phelps,George Eliot,7:133
92291,Eliza Eborall,George Eliot,8:250
92290,Eliza Eborall,George Eliot,7:356
92289,Elinor Mary Bray,George Eliot,1:341 - 378
92288,Eleanor Cross,George Eliot,7:337
92287,Eleanor Cross,George Eliot,7:336
92286,Eleanor Cross,George Eliot,7:273
92285,Eleanor Cross,George Eliot,7:266
92284,Eleanor Cross,George Eliot,7:256
92283,Eleanor Cross,George Eliot,7:260
92282,Eleanor Cross,George Eliot,7:259
92281,Edward F. S. Pigott,George Eliot,8:320
92280,Edward F. S. Pigott,George Eliot,8:209
92279,Edward Clodd,George Eliot,7:241
92278,Edward Burne-Jones,George Eliot,6:368
92277,Edward Burne-Jones,George Eliot,5:390
92276,Edward Bruce Hamley,George Eliot,5:134
92275,Edward Augustus Bond,George Eliot,6:31
92274,Edmund Evans,George Eliot,7:215
92273,Edith Harriet Kittermaster,George Eliot,1:3-86
92272,Edith Harriet Kittermaster,George Eliot,8:8
92271,Edith Harriet Kittermaster,George Eliot,1:89 - 168
92270,Dr. Joseph Frank Payne,George Eliot,6:216
92269,David Kaufmann,George Eliot,6:378
92268,David Kaufmann,George Eliot,7:137
92267,David Kaufmann,George Eliot,6:404
92266,Dante Gabriel Rossetti,George Eliot,5:93
92265,Dante Gabriel Rossetti,George Eliot,5:78
92264,Courtney Stanhope Kenny,George Eliot,9:61
92263,Clifford Allbutt,George Eliot,4:499
92262,Clifford Allbutt,George Eliot,4:471
92261,Charles Warren S,George Eliot,9:105
92260,Charles Villiers Stanford,George Eliot,9:97
92259,Charles V. Stanford,George Eliot,8:476
92258,Charles Ritter,George Eliot,6:394
92257,Charles Ritter,George Eliot,6:409
92256,Charles Ritter,George Eliot,7:56
92255,Charles Ritter,George Eliot,6:385
92254,Charles Ritter,George Eliot,6:109
92253,Charles Ritter,George Eliot,7:27
92252,Charles Ritter,George Eliot,5:373
92251,Charles Ritter,George Eliot,5:287
92250,Charles Lee Lewes,George Eliot,7:318
92249,Charles Lee Lewes,George Eliot,7:158
92248,Charles Lee Lewes,George Eliot,7:190
92247,Charles Lee Lewes,George Eliot,7:156
92246,Charles Lee Lewes,George Eliot,7:175
92245,Charles Lee Lewes,George Eliot,7:205
92244,Charles Lee Lewes,George Eliot,7:318
92243,Charles Lee Lewes,George Eliot,7:187
92242,Charles Lee Lewes,George Eliot,7:327
92241,Charles Lee Lewes,George Eliot,7:216
92240,Charles Lee Lewes,George Eliot,7:184
92239,Charles Lee Lewes,George Eliot,7:201
92238,Charles Lee Lewes,George Eliot,7:325
92237,Charles Lee Lewes,George Eliot,7:167
92236,Charles Lee Lewes,George Eliot,7:311
92235,Charles Lee Lewes,George Eliot,7:193
92234,Charles Lee Lewes,George Eliot,7:161
92233,Charles Lee Lewes,George Eliot,7:178
92232,Charles Lee Lewes,George Eliot,7:217
92231,Charles Lee Lewes,George Eliot,7:177
92230,Charles Lee Lewes,George Eliot,7:213
92229,Charles Lee Lewes,George Eliot,7:179
92228,Charles Lee Lewes,George Eliot,7:304
92227,Charles Lee Lewes,George Eliot,5:110
92226,Charles Lee Lewes,George Eliot,3:177
92225,Charles Lee Lewes,George Eliot,3:242
92224,Charles Lee Lewes,George Eliot,3:125
92223,Charles Lee Lewes,George Eliot,3:215
92222,Charles Lee Lewes,George Eliot,7:293
92221,Charles Lee Lewes,George Eliot,5:149
92220,Charles Lee Lewes,George Eliot,5:154
92219,Charles Lee Lewes,George Eliot,5:161
92218,Charles Lee Lewes,George Eliot,7:276
92217,Charles Lee Lewes,George Eliot,4:90
92216,Charles Lee Lewes,George Eliot,3:408
92215,Charles Lee Lewes,George Eliot,7:288
92214,Charles Lee Lewes,George Eliot,3:451
92213,Charles Lee Lewes,George Eliot,7:306
92212,Charles Lee Lewes,George Eliot,4:29
92211,Charles Lee Lewes,George Eliot,7:338
92210,Charles Lee Lewes,George Eliot,5:135
92209,Charles Lee Lewes,George Eliot,5:72
92208,Charles Lee Lewes,George Eliot,6:184
92207,Charles Lee Lewes,George Eliot,4:420
92206,Charles Lee Lewes,George Eliot,7:222
92205,Charles Lee Lewes,George Eliot,7:143
92204,Charles Lee Lewes,George Eliot,4:478
92203,Charles Lee Lewes,George Eliot,7:224
92202,Charles Lee Lewes,George Eliot,7:282
92201,Charles Lee Lewes,George Eliot,4:20
92200,Charles Lee Lewes,George Eliot,4:26
92199,Charles Lee Lewes,George Eliot,7:329
92198,Charles Lee Lewes,George Eliot,7:106
92197,Charles Edward Apple,George Eliot,6:4
92196,Charles Edward Apple,George Eliot,6:3
92195,Charles Edward Apple,George Eliot,5:473
92194,Charles Darwin,George Eliot,9:87
92193,Charles Christian Hennell,George Eliot,1:171 - 219
92192,Charles Bray,George Eliot,3:147
92191,Charles Bray,George Eliot,2:178
92190,Charles Bray,George Eliot,2:170
92189,Charles Bray,George Eliot,3:110
92188,Charles Bray,George Eliot,3:213
92187,Charles Bray,George Eliot,3:120
92186,Charles Bray,George Eliot,3:135
92185,Charles Bray,George Eliot,3:154
92184,Charles Bray,George Eliot,3:325
92183,Charles Bray,George Eliot,3:323
92182,Charles Bray,George Eliot,3:241
92181,Charles Bray,George Eliot,3:27
92180,Charles Bray,George Eliot,3:162
92179,Charles Bray,George Eliot,3:91
92178,Charles Bray,George Eliot,3:210
92177,Charles Bray,George Eliot,3:155
92176,Charles Bray,George Eliot,3:87
92175,Charles Bray,George Eliot,2:260
92174,Charles Bray,George Eliot,2:113
92173,Charles Bray,George Eliot,1:223 - 285
92172,Charles Bray,George Eliot,2:116
92171,CHARLES BRAY,George Eliot,1:223 - 285
92170,Charles Bray,George Eliot,2:262
92169,Charles Bray,George Eliot,2:234
92168,Charles Bray,George Eliot,2:443
92167,Charles Bray,George Eliot,2:396
92166,Charles Bray,George Eliot,2:284
92165,Charles Bray,George Eliot,2:279
92164,Charles Bray,George Eliot,2:232
92163,Charles Bray,George Eliot,2:440
92162,Charles Bray,George Eliot,2:510
92161,Charles Bray,George Eliot,2:414
92160,Charles Bray,George Eliot,2:221
92159,Charles Bray,George Eliot,8:146
92158,Charles Bray,George Eliot,2:402
92157,Charles Bray,George Eliot,2:490
92156,Charles Bray,George Eliot,2:261
92155,Charles Bray,George Eliot,2:224
92154,Charles Bray,George Eliot,2:267
92153,Charles Bray,George Eliot,2:218
92152,Charles Bray,George Eliot,2:235
92151,CHARLES BRAY,George Eliot,1:341 - 378
92150,Charles Bray,George Eliot,2:139
92149,Charles Bray,George Eliot,7:342
92148,Charles Bray,George Eliot,2:122
92147,Charles Bray,George Eliot,4:72
92146,Charles Bray,George Eliot,4:173
92145,Charles Bray,George Eliot,2:73
92144,Charles Bray,George Eliot,3:446
92143,Charles Bray,George Eliot,4:496
92142,Charles Bray,George Eliot,2:17
92141,Charles Bray,George Eliot,2:11
92140,Charles Bray,George Eliot,4:81
92139,Charles Bray,George Eliot,2:146
92138,Charles Bray,George Eliot,4:169
92137,Charles Bray,George Eliot,5:399
92136,Charles Bray,George Eliot,3:439
92135,Charles Bray,George Eliot,4:371
92134,Charles Bray,George Eliot,2:136
92133,Charles Bray,George Eliot,2:199
92132,Charles Bray,George Eliot,2:131
92131,CHARLES BRAY,George Eliot,1:341 - 378
92130,Charles Bray,George Eliot,2:161
92129,Charles Bray,George Eliot,2:71
92128,Charles Bray,George Eliot,2:71
92127,Charles Bray,George Eliot,2:123
92126,Charles Bray,George Eliot,2:94
92125,Charles Bray,George Eliot,2:121
92124,Charles Bray,George Eliot,2:158
92123,Charles Bray,George Eliot,2:82
92122,Charles Bray,George Eliot,2:6
92121,Charles Bray,George Eliot,2:26
92120,Charles Bray,George Eliot,2:165
92119,Charles Bray,George Eliot,2:252
92118,Charles Bray,George Eliot,3:391
92117,Charles Bray,George Eliot,1:289 - 338
92116,Charles Bray,George Eliot,1:289 - 338
92115,Charles Bray,George Eliot,1:289 - 338
92114,Charles Bray,George Eliot,2:200
92113,Charles Bray,George Eliot,2:204
92112,Charles Bray,George Eliot,2:202
92111,Charles Bray,George Eliot,2:209
92110,Charles Bray,George Eliot,2:215
92109,Charles Bray,George Eliot,2:201
92108,Charles Bray,George Eliot,2:197
92107,Charles Bray,George Eliot,2:46
92106,Charles Bray,George Eliot,2:42
92105,Charles Bray,George Eliot,2:50
92104,Charles Bray,George Eliot,2:43
92103,Charles Bray,George Eliot,2:188
92102,Charles Bray,George Eliot,2:184
92101,Charles Bray,George Eliot,2:183
92100,Charles Bray,George Eliot,3:168
92099,Charles Bray,George Eliot,3:326
92098,Charles Bray,George Eliot,2:287
92097,Charles Bray,George Eliot,2:442
92096,Charles Bray,George Eliot,2:279
92095,Charles Bray,George Eliot,2:37
92094,Charles Bray,George Eliot,2:14
92093,Charles Bray,George Eliot,2:79
92092,CHARLES BRAY,George Eliot,1:341 - 378
92091,Charles Bray,George Eliot,2:8
92090,Charles Bray,George Eliot,2:79
92089,Charles Bray,George Eliot,2:38
92088,Charles Bray,George Eliot,2:101
92087,Charles Bray,George Eliot,2:83
92086,Charles Bray,George Eliot,2:83
92085,Charles Bray,George Eliot,2:73
92084,Charles Bray,George Eliot,2:56
92083,Charles Bray,George Eliot,2:93
92082,Charles Bray,George Eliot,2:81
92081,Charles Bray,George Eliot,2:125
92080,Charles Bray,George Eliot,1:223 - 285
92079,Charles Bray,George Eliot,8:12
92078,Catherine H. Spence,George Eliot,9:181
92077,Carl Adolf Buchheim,George Eliot,8:415
92076,Blanche Southwood Lewes,George Eliot,7:186
92075,Bessie Rayner Parkes,George Eliot,2:173
92074,Bessie Rayner Parkes,George Eliot,3:133
92073,Bessie Rayner Parkes,George Eliot,2:109
92072,Bessie Rayner Parkes,George Eliot,2:115
92071,Bessie Rayner Parkes,George Eliot,2:495
92070,Bessie Rayner Parkes,George Eliot,2:235
92069,Bessie Rayner Parkes,George Eliot,2:428
92068,Bessie Rayner Parkes,George Eliot,2:431
92067,Bessie Rayner Parkes,George Eliot,2:231
92066,Bessie Rayner Parkes,George Eliot,2:379
92065,Bessie Rayner Parkes,George Eliot,2:436
92064,Bessie Rayner Parkes,George Eliot,2:384
92063,Bessie Rayner Parkes,George Eliot,4:131
92062,Bessie Rayner Parkes,George Eliot,2:141
92061,Bessie Rayner Parkes,George Eliot,4:186
92060,Bessie Rayner Parkes,George Eliot,2:135
92059,Bessie Rayner Parkes,George Eliot,2:134
92058,Bessie Rayner Parkes,George Eliot,8:307
92057,Bessie Rayner Parkes,George Eliot,4:196
92056,Bessie Rayner Parkes,George Eliot,2:151
92055,Bessie Rayner Parkes,George Eliot,2:143
92054,Bessie Rayner Parkes,George Eliot,4:86
92053,Bessie Rayner Parkes,George Eliot,4:114
92052,Bessie Rayner Parkes,George Eliot,4:85
92051,Bessie Rayner Parkes,George Eliot,2:108
92050,Bessie Rayner Parkes,George Eliot,4:44
92049,Bessie Rayner Parkes,George Eliot,2:99
92048,Bessie Rayner Parkes,George Eliot,2:108
92047,Bessie Rayner Parkes,George Eliot,2:128
92046,Bessie Rayner Parkes,George Eliot,2:107
92045,Bessie Rayner Parkes,George Eliot,2:7
92044,Bessie Rayner Parkes,George Eliot,8:317
92043,Bessie Rayner Parkes,George Eliot,2:89
92042,Bessie Rayner Parkes,George Eliot,4:146
92041,Bessie Rayner Parkes,George Eliot,2:138
92040,Bessie Rayner Parkes,George Eliot,2:74
92039,Bessie Rayner Parkes,George Eliot,8:46
92038,Bessie Rayner Parkes,George Eliot,4:114
92037,Bessie Rayner Parkes,George Eliot,2:35
92036,Bessie Rayner Parkes,George Eliot,2:200
92035,Bessie Rayner Parkes,George Eliot,2:30
92034,Bessie Rayner Parkes,George Eliot,2:136
92033,Bessie Rayner Parkes,George Eliot,2:365
92032,Bessie Rayner Parkes,George Eliot,2:195
92031,Bessie Rayner Parkes,George Eliot,2:64
92030,Bessie Rayner Parkes,George Eliot,2:100
92029,Bessie Rayner Parkes,George Eliot,2:44
92028,Bessie Rayner Parkes,George Eliot,2:32
92027,Bessie Rayner Parkes,George Eliot,2:26
92026,Benjamin Jowett,George Eliot,9:196
92025,Benjamin Jowett,George Eliot,5:408
92024,Barbara Leigh Smith,George Eliot,2:107
92023,Barbara Leigh Smith,George Eliot,2:254
92022,Asher Isaac Myers,George Eliot,7:95
92021,Arthur Helps,George Eliot,4:417
92020,Anthony Trollope,George Eliot,4:296
92019,Anthony Trollope,George Eliot,4:110
92018,Annie Leigh Smith,George Eliot,8:238
92017,Anne Isabella Thackeray,George Eliot,5:235
92016,Andrew Clark,George Eliot,9:268
92015,Andrew Clark,George Eliot,9:186
92014,Alice Welling,George Eliot,5:367
92013,Alice Helps,George Eliot,7:310
92012,Alice Helps,George Eliot,6:149
92011,Alice Helps,George Eliot,9:121
92010,Alice Helps,George Eliot,6:194
92009,Alice Helps,George Eliot,9:302
92008,Alice Helps,George Eliot,6:35
92007,Alice Helps,George Eliot,9:139
92006,Alice Helps,George Eliot,9:124
92005,Alice Helps,George Eliot,5:398
92004,Alice Helps,George Eliot,6:32
92003,Alice Helps,George Eliot,9:122
92002,Alexander Main,George Eliot,5:174
92001,Alexander Main,George Eliot,5:212
92000,Alexander Main,George Eliot,5:366
91999,Alexander Main,George Eliot,5:382
91998,Alexander Main,George Eliot,5:323
91997,Alexander Main,George Eliot,6:431
91996,Alexander Main,George Eliot,5:182
91995,Alexander Main,George Eliot,5:260
91994,Alexander Main,George Eliot,6:146
91993,Alexander Main,George Eliot,5:239
91992,Alexander Main,George Eliot,5:404
91991,Alexander Main,George Eliot,6:244
91990,Alexander Main,George Eliot,6:106
91989,Alexander Main,George Eliot,6:433
91988,Alexander Main,George Eliot,5:325
91987,Alexander Main,George Eliot,6:7
91986,Alexander Main,George Eliot,5:309
91985,Alexander Main,George Eliot,6:49
91984,Alexander Main,George Eliot,5:184
91983,Alexander Main,George Eliot,5:417
91982,Alexander Main,George Eliot,5:358
91981,Alexander Main,George Eliot,5:439
91980,Alexander Main,George Eliot,5:175
91979,Alexander Macmillan,George Eliot,6:376
91978,Alexander Macmillan,George Eliot,6:416
91977,Alexander Macmillan,George Eliot,6:88
91976,Alexander Macmillan,George Eliot,9:102
91975,Alexander Macmillan,George Eliot,5:444
91974,Alexander Macmillan,George Eliot,5:434
91973,Albert George Dew-Smith,George Eliot,9:273
91972,Albert Druce,George Eliot,7:266
91971,Albert Cohn,George Eliot,6:14
91970,Abraham Benisch,George Eliot,6:316
91969,[Thomas Henderson],George Eliot,9:240
91968,[The Royal Academy],George Eliot,9:94
91967,[Robert Hogarth Patterson],George Eliot,8:417
91966,[Mrs. Nassau John Senior],George Eliot,5:57
91965,[Mrs. Charles Bray],George Eliot,4:404
91964,[Mrs. C. T. Simpson],George Eliot,6:363
91963,[Martha Jackson?],George Eliot,1:3-86
91962,[Herbert Spencer?],George Eliot,5:188
91961,[George Simpson?],George Eliot,5:264
91960,[George Simpson?],George Eliot,4:487
91959,[George Simpson?],George Eliot,6:58
91958,[George Lillie Craik],George Eliot,4:69
91957,[George Dransfield Brown],George Eliot,5:339
91956,[Emanuel Deutsch?],George Eliot,5:160
91955,[Edward Burne-Jones],George Eliot,9:91
91954,[E. F. S. Pigott],George Eliot,2:398
91953,[?],George Eliot,9:22
91952,[?],George Eliot,9:41
91951,[?],George Eliot,9:13
91950,[?],George Eliot,8:385
91949,[?],George Eliot,6:175
91948,'e9mile Mont'e9gut,George Eliot,3:109
91947,U,Ge Journal,2:169
91946,U,Ge Journal,3:205
91945,U,Ge Journal,2:418
91944,U,Ge Journal,2:406
91943,U,Ge Journal,2:502
91942,U,Ge Journal,2:435
91941,U,Ge Journal,2:430
91940,U,Ge Journal,2:415
91939,U,Ge Journal,2:434
91938,U,Ge Journal,4:106
91937,U,Ge Journal,2:367
91936,U,Ge Journal,5:99
91935,U,Ge Journal,4:166
91934,U,Ge Journal,4:174
91933,U,Ge Journal,4:233
91932,U,Ge Journal,4:83
91931,U,Ge Journal,5:11
91930,U,Ge Journal,4:485
91929,U,Ge Journal,6:439
91928,U,Ge Journal,5:127
91927,U,Ge Journal,3:368
91926,U,Ge Journal,6:259
91925,U,Ge Journal,3:360
91924,U,Ge Journal,5:119
91923,U,Ge Journal,4:23
91922,U,Ge Journal,4:234
91921,U,Ge Journal,6:427
91920,U,Ge Journal,4:17
91919,U,Ge Journal,4:184
91918,U,Ge Journal,4:169
91917,U,Ge Journal,6:200
91916,U,Ge Journal,4:171
91915,U,Ge Journal,4:94
91914,U,Ge Journal,5:6
91913,U,Ge Journal,4:45
91912,U,Ge Journal,4:197
91911,U,Ge Journal,4:490
91910,U,Ge Journal,4:167
91909,U,Ge Journal,6:299
91908,U,Ge Journal,4:86
91907,U,Ge Journal,3:375
91906,U,Ge Journal,5:124
91905,U,Ge Journal,4:473
91904,U,Ge Journal,5:60
91903,U,Ge Journal,5:137
91902,U,Ge Journal,3:427
91901,U,Ge Journal,4:15
91900,U,Ge Journal,4:79
91899,U,Ge Journal,5:14
91898,U,Ge Journal,4:208
91897,U,Ge Journal,6:315
91896,U,Ge Journal,4:195
91895,U,Ge Journal,4:205
91894,U,Ge Journal,5:13
91893,U,Ge Journal,6:116
91892,U,Ge Journal,6:238
91891,U,Ge Journal,6:314
91890,U,Ge Journal,5:125
91889,U,Ge Journal,4:179
91888,U,Ge Journal,6:3
91887,U,Ge Journal,5:3
91886,U,Ge Journal,6:314
91885,U,Ge Journal,2:354
91884,U,GE Journal,6:263
91883,U,GE Journal,5:357
91882,U,GE Diary,7:209
91881,U,GE Diary,7:156
91880,U,GE Diary,7:152
91879,U,GE Diary,7:202
91878,U,GE Diary,7:326
91877,U,GE Diary,7:335
91876,U,GE Diary,7:194
91875,U,GE Diary,7:331
91874,U,GE Diary,7:300
91873,U,GE Diary,7:242
91872,U,GE Diary,7:222
91871,U,GE Diary,7:127
91870,U,GE Diary,7:341
91869,U,GE Diary,7:258
91868,U,GE Diary,7:227
91867,U,GE Diary,7:263
91866,U,GE Diary,7:116
91865,U,GE Diary,7:270
91864,Agreement For Romola,"George Eliot, George Henry Lewes, with Smith Elder & Co.",8:301
91863,Mrs. Elma Stuart,"George Eliot, George Henry Lewes",6:284
91862,Mr. And Mrs. Charles Lee Lewes,"George Eliot, George Henry Lewes",4:454
91861,Barbara [Mme Eugene] Bodichon,"George Eliot, George Henry Lewes",3:63
91860,Barbara [Mme Eugene] Bodichon,"George Eliot, George Henry Lewes",3:105
91859,John Blackwood,"George Eliot, George Henry Lewes",3:410
91858,John Blackwood,"George Eliot, George Henry Lewes",3:306
91857,Charles Lee Lewes,"George Eliot, George Henry Lewes",3:418
91856,Charles Lee Lewes,"George Eliot, George Henry Lewes",3:413
91855,Charles Bray,"George Eliot, George Henry Lewes",3:165
91854,George Eliot,Frederic W. H. Myers,9:97
91853,George Eliot,Frederic W. H. Myers,9:67
91852,John Walter Cross,Frederic Harrison,7:271
91851,George Eliot,Frederic Harrison,5:42
91850,George Eliot,Frederic Harrison,4:342
91849,George Eliot,Frederic Harrison,4:230
91848,George Eliot,Frederic Harrison,4:262
91847,George Eliot,Frederic Harrison,4:228
91846,George Eliot,Frederic Harrison,4:222
91845,George Eliot,Frederic Harrison,4:249
91844,George Eliot,Frederic Harrison,4:447
91843,George Eliot,Frederic Harrison,4:253
91842,George Eliot,Frederic Harrison,4:284
91841,George Eliot,Frederic Harrison,4:220
91840,George Eliot,Frederic Harrison,4:239
91839,George Eliot,Frederic Harrison,4:259
91838,George Eliot,Frederic Harrison,9:194
91837,George Eliot,Frederic Harrison,4:483
91836,George Eliot,Frederic Harrison,4:264
91835,George Eliot,Frederic Harrison,4:260
91834,George Eliot,Frederic Harrison,4:216
91833,George Henry Lewes,Frau Ottilie Von Goethe,8:117
91832,George Eliot,Emily Susannah Clarke,8:250
91831,George Eliot,Emily Susannah Clarke,9:24
91830,George Eliot,Emily Susannah Clarke,9:306
91829,George Eliot,Emily Susannah Clarke,9:244
91828,Mme Bodichon,Emily Davies,8:409
91827,Jane Crow,Emily Davies,8:465
91826,Annie Crow,Emily Davies,6:285
91825,Anna Richardson,Emily Davies,8:455
91824,George Eliot,Elizabeth Stuart Phelps,6:158
91823,E. F. S. Pigott,Eleanor Cross,9:306
91822,George Bancroft,Edward Livermore Burlingame,6:63
91821,Messrs. Blackwood,Edward Dowden,6:333
91820,George Eliot,Edward Clarke,8:421
91819,George Eliot,Edward Burne-Jones,9:85
91818,C. L,Edward Burne-Jones,9:249
91817,U,Edith Simcox,9:316
91816,U,Edith Simcox,9:276
91815,U,Edith Simcox,9:298
91814,U,Edith Simcox,9:205
91813,U,Edith Simcox,9:199
91812,U,Edith Simcox,9:211
91811,U,Edith Simcox,9:308
91810,U,Edith Simcox,9:216
91809,U,Edith Simcox,9:256
91808,U,Edith Simcox,9:239
91807,U,Edith Simcox,9:247
91806,U,Edith Simcox,9:313
91805,U,Edith Simcox,9:258
91804,U,Edith Simcox,9:275
91803,U,Edith Simcox,9:312
91802,U,Edith Simcox,9:304
91801,U,Edith Simcox,9:259
91800,U,Edith Simcox,9:242
91799,U,Edith Simcox,9:323
91798,U,Edith Simcox,9:228
91797,U,Edith Simcox,9:302
91796,U,Edith Simcox,9:218
91795,U,Edith Simcox,9:281
91794,U,Edith Simcox,9:264
91793,U,Edith Simcox,9:315
91792,U,Edith Simcox,9:270
91791,U,Edith Simcox,9:277
91790,U,Edith Simcox,9:310
91789,U,Edith Simcox,9:260
91788,U,Edith Simcox,9:241
91787,U,Edith Simcox,9:269
91786,U,Edith Simcox,9:287
91785,U,Edith Simcox,9:280
91784,U,Edith Simcox,9:215
91783,U,Edith Simcox,9:305
91782,U,Edith Simcox,9:320
91781,U,Edith Simcox,9:317
91780,U,Edith Simcox,9:260
91779,U,Edith Simcox,9:257
91778,U,Edith Simcox,9:220
91777,U,Edith Simcox,9:202
91776,U,Edith Simcox,9:295
91775,U,Edith Simcox,9:232
91774,U,Edith Simcox,9:213
91773,U,Edith Simcox,9:250
91772,U,Edith Simcox,9:261
91771,U,Edith Simcox,9:314
91770,U,Edith Simcox,9:235
91769,U,Edith Simcox,9:267
91768,U,Edith Simcox,9:279
91767,U,Edith Simcox,9:223
91766,U,Edith Simcox,9:293
91765,U,Edith Simcox,9:205
91764,George Eliot,Edith Simcox,9:302
91763,Charles Lee Lewes,Edith Simcox,9:245
91762,John W. Cross,E. F. S. Pigott,9:307
91761,George Eliot,David Masson,6:96
91760,George Eliot,Charles Villiers Stanford,9:96
91759,George Henry Lewes,Charles Robert Darwin,8:436
91758,George Henry Lewes,Charles Robert Darwin,8:425
91757,George Henry Lewes,Charles Robert Darwin,8:419
91756,George Henry Lewes,Charles Robert Darwin,8:438
91755,Ivan Turgenev,Charles Lee Lewes,9:243
91754,E. F. S. Pigott,Charles Lee Lewes,9:245
91753,E. F. S. Pigott,Charles Lee Lewes,9:251
91752,E. F. S. Pigott,Charles Lee Lewes,9:244
91751,Agnes Lewes,Charles Lee Lewes,8:174
91750,Agnes Lewes,Charles Lee Lewes,8:190
91749,Agnes Lewes,Charles Lee Lewes,8:164
91748,Mrs. Mark Pattison,Charles Lee Lewes,7:90
91747,Mme Louis Belloc,Charles Lee Lewes,7:87
91746,M,Charles Eliot Norton,5:7
91745,John Blackwood,Charles Dickens,2:427
91744,George Henry Lewes,Charles Dickens,3:203
91743,George Henry Lewes,Charles Dickens,3:261
91742,George Henry Lewes,Charles Dickens,8:239
91741,George Eliot,Charles Dickens,2:423
91740,George Eliot,Charles Dickens,3:114
91739,SARA SOPHIA HENNELL,Charles Christian Hennell,1:171 - 219
91738,George Combe,Charles Bray,8:122
91737,George Combe,Charles Bray,8:139
91736,George Combe,Charles Bray,8:128
91735,George Combe,Charles Bray,8:127
91734,George Combe,Charles Bray,8:58
91733,George Combe,Charles Bray,8:130
91732,George Combe,Charles Bray,8:126
91731,George Combe,Charles Bray,8:30
91730,George Eliot,Charles Bray,3:164
91729,George Eliot,Charles Bray,3:94
91728,Mrs. Nassau Senior,Charles Lee Lewes,9:151
91727,Charles Lewes,Blackwood & Sons,9:255
91726,George Eliot,Bessie Rayner Parkes,8:241
91725,Barbara Leigh Smith,Bessie Rayner Parkes,2:87
91724,George Eliot,Benjamin Jowett,9:284
91723,George Eliot,Benjamin Jowett,9:227
91722,George Eliot,Benjamin Jowett,9:246
91721,George Henry Lewes,Anthony Trollope,8:269
91720,George Henry Lewes,Anthony Trollope,8:279
91719,George Henry Lewes,Anthony Trollope,8:430
91718,George Henry Lewes,Anthony Trollope,8:319
91717,George Henry Lewes,Anthony Trollope,8:327
91716,George Henry Lewes,Anthony Trollope,8:317
91715,George Henry Lewes,Anthony Trollope,8:315
91714,George Henry Lewes,Anthony Trollope,8:300
91713,George Henry Lewes,Anthony Trollope,8:470
91712,George Henry Lewes,Anthony Trollope,8:315
91711,George Henry Lewes,Anthony Trollope,8:464
91710,George Henry Lewes,Anthony Trollope,8:387
91709,George Henry Lewes,Anthony Trollope,9:125
91708,George Henry Lewes,Anthony Trollope,8:270
91707,George Henry Lewes,Anthony Trollope,9:165
91706,George Henry Lewes,Anthony Trollope,8:340
91705,George Henry Lewes,Anthony Trollope,8:342
91704,George Eliot,Anthony Trollope,8:381
91703,George Eliot,Anthony Trollope,8:303
91702,George Eliot,Anthony Trollope,8:313
91701,George Eliot,Anthony Trollope,8:311
91700,Ge and Ghl,Anthony Trollope,9:42
91699,George Eliot,Annie Leigh Smith,8:236
91698,George Eliot,An Affable Barrister,9:58
91697,George Henry Lewes,Alfred Tennyson,7:49
91696,George Eliot,Alfred Tennyson,7:86
91695,Henry George Atkinson,George Eliot,7:355
91694,Barbara [Mme Eugene] Bodichon,George Eliot,9:None
91693,Mrs. Lloyd,John Gwyther [?],3:21
91692,U,George Henry Lewes as George Eliot [?],3:50
91691,Alfred Tennyson,George Henry Lewes as George Eliot [?],7:47
